id,latitude,longitude,period,persist,radius,drogue,t,u,v
37655.0,32.592,-55.69200000000001,17.26509222401569,110.5,40824.16650883973,1.0,12028.75,-0.1427787305787495,-0.09582651472476252
37655.0,32.571,-55.73000000000002,17.26509222401569,110.5,41778.72964081536,1.0,12029.0,-0.13637584655674695,-0.11121618646976272
37655.0,32.552,-55.75999999999999,20.10685807526334,110.5,52044.86705267512,1.0,12029.25,-0.13964233978578955,-0.12622337560987915
37655.0,32.525,-55.78800000000001,22.036551241514868,110.5,61481.54165977282,1.0,12029.5,-0.14960136840482005,-0.13705850867925637
37655.0,32.494,-55.827,22.036551241514868,110.5,64418.26605051206,1.0,12029.75,-0.15808726169279483,-0.14212872115563657
37655.0,32.468,-55.865999999999985,22.036551241514868,110.5,63336.14947491594,1.0,12030.0,-0.14939329743254745,-0.1461788258410938
37655.0,32.441,-55.89699999999999,22.036551241514868,110.5,60358.217512262825,1.0,12030.25,-0.1276327050137927,-0.15292145803206997
37655.0,32.41,-55.93000000000001,21.261164205534232,110.5,55022.25719349492,1.0,12030.5,-0.09639510156164578,-0.16163810379417837
37655.0,32.377,-55.93900000000002,19.45024385630729,110.5,48685.36478099874,1.0,12030.75,-0.06799845536418625,-0.16885082814928873
37655.0,32.345,-55.954999999999984,18.10906586108251,110.5,43640.50027737523,1.0,12031.0,-0.05167541552626842,-0.16745884417317694
37655.0,32.307,-55.964,16.95976738514283,110.5,39795.170177584376,1.0,12031.25,-0.037431996707262764,-0.16648209048283458
37655.0,32.282,-55.97500000000002,16.316711244455878,110.5,37866.22705035707,1.0,12031.5,-0.02669141272107113,-0.16664215171331234
37655.0,32.243,-55.97399999999999,16.128168777800493,110.5,37404.30861784038,1.0,12031.75,-0.01675106484563159,-0.1678224249376729
37655.0,32.214,-55.980999999999995,15.833004750629293,110.5,36076.85630590167,1.0,12032.0,-0.0021543863377053198,-0.1656894137069705
37655.0,32.176,-55.97800000000001,13.76614750546022,110.5,31642.768937228066,1.0,12032.25,0.020044102616394673,-0.1659522891223238
37655.0,32.157,-55.97800000000001,11.051799238616763,110.5,25412.308153191017,1.0,12032.5,0.046231411190410354,-0.16069776838903815
37655.0,32.111,-55.94900000000001,8.662823660751144,110.5,18452.663220309463,1.0,12032.75,0.07064948517020246,-0.1378558640211943
37655.0,32.092,-55.947,6.558948326489762,110.5,12118.208951404058,1.0,12033.0,0.09528265209050227,-0.09473043634656708
37655.0,32.081,-55.91300000000001,6.513700862199746,110.5,10898.130103124524,1.0,12033.25,0.11067987320636895,-0.05053729203010926
37655.0,32.078,-55.891999999999996,6.513700862199746,110.5,10297.553188335878,1.0,12033.5,0.11487279396534018,-0.004647711356299881
37655.0,32.072,-55.85899999999998,6.513700862199746,110.5,10567.420735179954,1.0,12033.75,0.11129067647152174,0.03916116308682269
37655.0,32.091,-55.846000000000004,6.513700862199746,110.5,11215.688426985633,1.0,12034.0,0.10664803975175166,0.06561678013027473
37655.0,32.108,-55.809000000000026,8.078732377539676,110.5,13732.260359536805,1.0,12034.25,0.09750549128257179,0.07597965710104966
37655.0,32.126,-55.79899999999998,8.77116124865161,110.5,14136.124323031578,1.0,12034.5,0.08750266211616908,0.07797351463979828
37655.0,32.136,-55.774,9.775498264240193,110.5,15901.284812640739,1.0,12034.75,0.07859478747662453,0.08840881506792962
37655.0,32.155,-55.75999999999999,14.364922356517546,110.5,27448.08002418685,1.0,12035.0,0.06917238663027182,0.12051443677157424
37655.0,32.184,-55.73700000000002,26.96198633111596,110.5,66215.4770869394,1.0,12035.25,0.07168878245083168,0.16357734361801826
37655.0,32.215,-55.73000000000002,53.110988170811105,110.5,167905.05153359752,1.0,12035.5,0.08969480162841736,0.21168477328248209
37655.0,32.266,-55.69900000000001,53.110988170811105,110.5,198156.2537365895,1.0,12035.75,0.12031551501494903,0.24318991751013835
37655.0,32.31,-55.67599999999999,53.110988170811105,110.5,199075.78439653284,1.0,12036.0,0.15533089546839207,0.22399617889414633
37655.0,32.368,-55.641999999999996,53.110988170811105,110.5,164349.79898075137,1.0,12036.25,0.1418350141446822,0.17471055650378103
37655.0,32.396,-55.59300000000002,20.59040771591659,110.5,40579.64764791688,1.0,12036.5,0.07142315369299376,0.12425621258043261
37655.0,32.398,-55.589999999999975,13.074938567843114,110.5,21746.774382347092,1.0,12036.75,-0.026511989980601974,0.11801295449463187
37655.0,32.417,-55.62900000000002,13.074938567843114,110.5,31157.15832525254,1.0,12037.0,-0.0718562321941827,0.15769464391358323
37655.0,32.478,-55.660000000000025,13.074938567843114,110.5,38590.840416715066,1.0,12037.25,-0.1204403926649285,0.17766387118424312
37655.0,32.508,-55.67099999999999,13.074938567843114,110.5,44445.839323905966,1.0,12037.5,-0.16691170684991638,0.1823482576229068
37655.0,32.533,-55.72300000000001,16.92569293863727,110.5,63633.26494278964,1.0,12037.75,-0.20660794271199018,0.17906022654782833
37655.0,32.574,-55.78899999999999,19.789614128485727,110.5,73374.16055916768,1.0,12038.0,-0.21345849110425225,0.16473329821792748
37655.0,32.613,-55.827999999999975,19.789614128485727,110.5,71948.31858529366,1.0,12038.25,-0.22189002229054594,0.1437647879079545
37655.0,32.628,-55.87900000000002,19.789614128485727,110.5,71419.76280028417,1.0,12038.5,-0.23141970091830283,0.12379468138942182
37655.0,32.657,-55.93599999999998,19.789614128485727,110.5,70928.54062251438,1.0,12038.75,-0.2379097815364573,0.10646541727910226
37655.0,32.672,-55.997000000000014,19.69515460018149,110.5,66859.29673157897,1.0,12039.0,-0.23149996754085653,0.08574743910034692
37655.0,32.692,-56.045000000000016,18.875719755706324,110.5,62401.105757078956,1.0,12039.25,-0.2314880333979019,0.06489134926254012
37655.0,32.7,-56.09300000000002,17.899555545670392,110.5,58405.91551360196,1.0,12039.5,-0.2328887881936707,0.04549382195941189
37655.0,32.702,-56.158000000000015,16.769676571418323,110.5,53227.06904617491,1.0,12039.75,-0.22939637454447598,0.025599060343067262
37655.0,32.717,-56.20999999999998,14.998305780605437,110.5,47248.015876281555,1.0,12040.0,-0.2290070614689399,-0.006190633897359668
37655.0,32.705,-56.24200000000002,13.853301732316666,110.5,42913.620645319796,1.0,12040.25,-0.22291832650465845,-0.032481916317045674
37655.0,32.697,-56.31099999999998,12.506918057277096,110.5,35815.70057302412,1.0,12040.5,-0.20112187915424587,-0.054026876815593185
81916.0,37.992,-57.45600000000002,9.043764128647519,107.75,64142.76094616756,1.0,12022.25,0.3567464351160018,0.3725064450940553
81916.0,38.067,-57.360000000000014,8.156572534760972,107.75,47494.754322292814,1.0,12022.5,0.26370293109251874,0.3313189726514799
81916.0,38.127,-57.31700000000001,7.461299419558841,107.75,36544.42966627964,1.0,12022.75,0.21153731731420022,0.28656254688211014
81916.0,38.177,-57.281000000000006,7.284695079280561,107.75,35408.61046255292,1.0,12023.0,0.19580158109675685,0.29429432980635023
81916.0,38.217,-57.218999999999994,7.046012628888753,107.75,32580.99024683965,1.0,12023.25,0.1357170845815472,0.3076650688723941
81916.0,38.296,-57.18799999999999,6.393667461212932,107.75,24988.325865786777,1.0,12023.5,0.022767631438505815,0.28330570970641444
81916.0,38.342,-57.214,5.101928223563203,107.75,15155.799327225393,1.0,12023.75,-0.09966816774739817,0.19166240730100093
81916.0,38.373,-57.249000000000024,5.101928223563203,107.75,12960.72656386875,1.0,12024.0,-0.16779350006857408,0.07729320063064066
81916.0,38.36,-57.309000000000026,5.101928223563203,107.75,15636.626359877191,1.0,12024.25,-0.22204749762636342,-0.01926808326738342
81916.0,38.349,-57.353999999999985,4.408433502288854,107.75,17763.719045316506,1.0,12024.5,-0.2705283273557879,-0.11261636324621002
81916.0,38.328,-57.43000000000001,3.594365009099036,107.75,19114.701912599478,1.0,12024.75,-0.3020935783772462,-0.241458179511646
81916.0,38.276,-57.504999999999995,3.4614110866745054,107.75,21647.3434562463,1.0,12025.0,-0.24583027130370425,-0.3826326602410262
81916.0,38.165,-57.57499999999999,3.7764042981182637,107.75,22640.695504674353,1.0,12025.25,-0.09735920141188109,-0.4249814523270936
81916.0,38.092,-57.56299999999999,4.3243533541103165,107.75,21471.20706722096,1.0,12025.5,0.11728740568581437,-0.34149848756906415
81916.0,38.034,-57.512,4.04275309153888,107.75,19638.023577978114,1.0,12025.75,0.31845563301416413,-0.15288612321523298
81916.0,38.042,-57.411,3.5598603230649934,107.75,20167.505660084145,1.0,12026.0,0.40004809748289527,0.09846953051233243
81916.0,38.048,-57.29000000000002,2.892459614437376,107.75,18594.67732406261,1.0,12026.25,0.34784283715683695,0.31235797071309834
81916.0,38.163,-57.226,2.5011020978429617,107.75,14876.670996822399,1.0,12026.5,0.1826521262127362,0.3920985551778099
81916.0,38.229,-57.202,2.8209966548901124,107.75,11721.864391545849,1.0,12026.75,-0.007102648958463319,0.3020927090785221
81916.0,38.27,-57.24400000000003,3.48591870038909,107.75,8320.808172076077,1.0,12027.0,-0.1326900442470517,0.11191696911122867
81916.0,38.265,-57.26799999999997,2.931801801035922,107.75,8309.050265818625,1.0,12027.25,-0.18072533164279528,-0.09907838099074555
81916.0,38.237,-57.331999999999994,2.402495464210723,107.75,9299.319734256871,1.0,12027.5,-0.130655965957624,-0.24932434983724483
81916.0,38.156,-57.343999999999994,2.346199835645523,107.75,9012.143726223732,1.0,12027.75,-0.010093483116401021,-0.27915507881540147
81916.0,38.123,-57.331999999999994,2.0876633046243724,107.75,6382.086816178989,1.0,12028.0,0.11720668658221911,-0.1889086101592136
81916.0,38.089,-57.283000000000015,2.0876633046243724,107.75,5538.880379188694,1.0,12028.25,0.19099548710190925,-0.027340260311608043
81916.0,38.103,-57.238999999999976,2.346199835645523,107.75,6803.757134413572,1.0,12028.5,0.16346372680755017,0.1332402391497149
81916.0,38.141,-57.18299999999999,2.346199835645523,107.75,5905.696081692523,1.0,12028.75,0.042472212987784336,0.17805560161518638
81916.0,38.189,-57.21199999999999,2.346199835645523,107.75,2497.655903968116,1.0,12029.0,-0.07741635632757499,1.6657367157748432E-4
81916.0,38.18,-57.235000000000014,2.131720157362898,107.75,7008.081897930821,1.0,12029.25,-0.08623651079000755,-0.2229806420569273
81916.0,38.1,-57.27999999999997,2.55615094948835,107.75,12362.389127753671,1.0,12029.5,0.04328367022947374,-0.349034271275835
81916.0,38.016,-57.22300000000001,2.9100586482594024,107.75,13613.992705623516,1.0,12029.75,0.2262301628137266,-0.25409498647096485
81916.0,37.993,-57.15499999999997,2.9100586482594024,107.75,11894.795843856733,1.0,12030.0,0.2958996607829689,0.028297618681036113
81916.0,38.027,-57.047000000000025,2.9100586482594024,107.75,15506.906327981036,1.0,12030.25,0.2406782579859328,0.30371460860140786
81916.0,38.116,-57.01999999999998,2.5933183719305273,107.75,15557.66827316741,1.0,12030.5,0.07614641597375602,0.42957275395244954
81916.0,38.216,-57.023000000000025,2.5933183719305273,107.75,12052.265928057679,1.0,12030.75,-0.10408350722665075,0.3215443793376844
81916.0,38.25,-57.07499999999999,2.78817004526076,107.75,8369.433193865943,1.0,12031.0,-0.2137924698997596,0.04410550283770629
81916.0,38.219,-57.117999999999995,3.2716658106758536,107.75,14507.875968153656,1.0,12031.25,-0.19031171197616387,-0.2603343223863181
81916.0,38.146,-57.18700000000001,2.937553841343833,107.75,19029.61987929756,1.0,12031.5,-0.013536846154167406,-0.47090254170339624
81916.0,38.039,-57.13499999999999,2.6422635148219205,107.75,19229.055316016613,1.0,12031.75,0.23661975788261,-0.47339200167980733
81916.0,37.939,-57.065999999999974,2.6422635148219205,107.75,16367.856271899236,1.0,12032.0,0.4002250846334364,-0.20678004496146535
81916.0,37.928,-56.918000000000006,2.6422635148219205,107.75,15035.217406615715,1.0,12032.25,0.3969519273922129,0.11690543601956396
81916.0,37.994,-56.84300000000002,2.6422635148219205,107.75,14673.926460712573,1.0,12032.5,0.21658504249213406,0.34087819906348926
81916.0,38.081,-56.81299999999999,2.397560292011531,107.75,11291.342231648992,1.0,12032.75,-0.027691666233055787,0.34136413573162894
81916.0,38.135,-56.86500000000001,2.397560292011531,107.75,7030.758002393902,1.0,12033.0,-0.16434591664681852,0.13589706889212816
81916.0,38.136,-56.922000000000025,2.397560292011531,107.75,6698.29219991711,1.0,12033.25,-0.1656960693880624,-0.11757155266007069
81916.0,38.077,-56.959,2.397560292011531,107.75,10244.580484993265,1.0,12033.5,-0.025555535946080024,-0.30968277151259466
81916.0,38.02,-56.93299999999999,2.6044141950601256,107.75,13853.874290053074,1.0,12033.75,0.17358035816227274,-0.34570543386068675
81916.0,37.931,-56.86700000000002,2.6804247769902063,107.75,13724.772058756538,1.0,12034.0,0.3270765725365011,-0.1779770655051638
81918.0,35.636,-60.101,5.880708853960749,145.0,50450.42607903499,1.0,12028.75,0.07157584731920671,0.6197608819613711
81918.0,35.745,-60.11200000000002,5.880708853960749,145.0,49438.5086876438,1.0,12029.0,-0.11610344876734026,0.6002410194186161
81918.0,35.87,-60.16199999999998,5.880708853960749,145.0,48333.08420921941,1.0,12029.25,-0.28382687691263137,0.5260074247082173
81918.0,35.962,-60.24000000000001,5.880708853960749,145.0,46948.39167830276,1.0,12029.5,-0.4019001311473363,0.4189770968945405
81918.0,36.028,-60.360000000000014,5.64334786287514,145.0,41967.528570625094,1.0,12029.75,-0.455340112668577,0.29178438062621803
81918.0,36.082,-60.466999999999985,5.641425568238531,145.0,37322.90535156017,1.0,12030.0,-0.45243751590172643,0.1636337318879591
81918.0,36.089,-60.56,5.853876137751163,145.0,33291.61308727632,1.0,12030.25,-0.4087018016854376,0.06332144028963346
81918.0,36.093,-60.678,6.063514298988834,145.0,28633.285838780273,1.0,12030.5,-0.34228632822701366,-0.027757555182025998
81918.0,36.084,-60.73000000000002,6.133233855063714,145.0,25654.888384064205,1.0,12030.75,-0.28363576362637627,-0.10992304566881797
81918.0,36.051,-60.795000000000016,6.133233855063714,145.0,25682.484575517912,1.0,12031.0,-0.2469820800439847,-0.1781329561022831
81918.0,36.011,-60.84899999999999,6.133233855063714,145.0,24950.823793594827,1.0,12031.25,-0.2013658210734033,-0.2167370861700265
81918.0,35.958,-60.911,6.133233855063714,145.0,24767.25782415898,1.0,12031.5,-0.1425140023877438,-0.25676802722779946
81918.0,35.916,-60.92399999999998,6.624474168211297,145.0,28968.247850446995,1.0,12031.75,-0.08010440005702765,-0.3077529195779936
81918.0,35.841,-60.93700000000001,8.258575612513846,145.0,42298.51741226444,1.0,12032.0,-0.026943636872718196,-0.37148974921670236
81918.0,35.763,-60.93299999999999,10.42692267611278,145.0,63511.88934958003,1.0,12032.25,0.029258436591963158,-0.4419931589520789
81918.0,35.668,-60.92399999999998,11.153013203776977,145.0,85296.24949156353,1.0,12032.5,0.13291980018207913,-0.5400482431094785
81918.0,35.564,-60.88799999999998,11.7122306472457,145.0,114183.99887507428,1.0,12032.75,0.2817318410336418,-0.6505956174017307
81918.0,35.414,-60.785000000000025,12.560016640629948,145.0,148173.67250820072,1.0,12033.0,0.4439212654418845,-0.734139763180187
81918.0,35.267,-60.67099999999999,12.560016640629948,145.0,162825.48457018659,1.0,12033.25,0.5740503438513083,-0.7478308132008973
81918.0,35.129,-60.51600000000002,12.560016640629948,145.0,163335.95008960116,1.0,12033.5,0.6519972336761889,-0.6850298012637871
81918.0,34.991,-60.35500000000002,12.560016640629948,145.0,147863.65357280252,1.0,12033.75,0.6603283167699898,-0.544900987521594
81918.0,34.917,-60.206999999999994,10.372878259526457,145.0,100750.93213501947,1.0,12034.0,0.6086270010468903,-0.35846092243645394
81918.0,34.859,-60.053999999999974,9.161371579352235,145.0,69947.1685072437,1.0,12034.25,0.5318630423376175,-0.15939288830248488
81918.0,34.843,-59.96199999999999,9.161371579352235,145.0,60664.80687453387,1.0,12034.5,0.4814421589699285,0.010246066218246662
81918.0,34.866,-59.855999999999995,9.161371579352235,145.0,59229.77390606466,1.0,12034.75,0.4551277724721801,0.1179371085768052
81918.0,34.902,-59.73000000000002,9.161371579352235,145.0,56706.0726666964,1.0,12035.0,0.41855374978945503,0.1656115920974648
81918.0,34.928,-59.639999999999986,10.367653350525686,145.0,58391.84942132617,1.0,12035.25,0.3538466509301623,0.20627085374631676
81918.0,34.957,-59.56999999999999,13.988711650935493,145.0,73036.43861550279,1.0,12035.5,0.3113592281076386,0.21729968895489216
81918.0,35.006,-59.50999999999999,13.988711650935493,145.0,63985.00927911825,1.0,12035.75,0.2793368993712777,0.18059977297808968
81918.0,35.048,-59.43900000000002,20.148364539295304,145.0,67964.54038688354,1.0,12036.0,0.2280179153215931,0.09046001012910898
81918.0,35.053,-59.375999999999976,22.99863948808605,145.0,39388.13388219849,1.0,12036.25,0.12267981993298069,0.02147881392124784
81918.0,35.025,-59.36200000000002,22.99863948808605,145.0,24601.672320166494,1.0,12036.5,0.07439473421342281,0.022734169382187083
81918.0,35.03,-59.36700000000002,22.99863948808605,145.0,37503.3389917402,1.0,12036.75,0.09805851517290033,0.06668732332958673
81918.0,35.078,-59.341999999999985,18.130393461798935,145.0,43321.13211386905,1.0,12037.0,0.1494140108002211,0.08870866122656564
81918.0,35.091,-59.257000000000005,14.013211706333607,145.0,26988.5433977479,1.0,12037.25,0.10768225537938661,0.08955876481931575
81918.0,35.078,-59.24200000000002,12.951239867578801,145.0,24821.49165946244,1.0,12037.5,0.0797210360451872,0.11432299878786867
81918.0,35.113,-59.25200000000001,14.173889184540268,145.0,29319.795829958777,1.0,12037.75,0.0674621719618524,0.13445598998005456
81918.0,35.165,-59.214999999999975,14.173889184540268,145.0,29243.49020267404,1.0,12038.0,0.061005328511707396,0.13707761626124287
81918.0,35.163,-59.18900000000002,13.218940591778031,145.0,33348.33784304102,1.0,12038.25,0.036285829413297624,0.17983676861988773
81918.0,35.187,-59.20999999999998,13.218940591778031,145.0,39421.648959076934,1.0,12038.5,0.03224321359024409,0.2144621361110407
81918.0,35.258,-59.19999999999999,15.43568327846566,145.0,47870.521351548996,1.0,12038.75,0.02552311424162803,0.22408327242041742
81918.0,35.294,-59.170000000000016,18.596699350025283,145.0,56942.805359698476,1.0,12039.0,-0.006623889682644395,0.22257525490934216
81918.0,35.316,-59.196000000000026,18.920702726099496,145.0,68977.63412001054,1.0,12039.25,-0.04037633515914555,0.2620241204019441
81918.0,35.388,-59.22800000000001,21.726846774459265,145.0,91935.01511915932,1.0,12039.5,-0.0897899461617677,0.2943247051340058
81918.0,35.452,-59.226,21.726846774459265,145.0,108501.00207786885,1.0,12039.75,-0.1489920650687826,0.3311943354311351
81918.0,35.495,-59.28399999999999,21.726846774459265,145.0,123848.99483594023,1.0,12040.0,-0.1809128119729039,0.37297503825990974
81918.0,35.588,-59.35000000000002,21.726846774459265,145.0,116621.63018099082,1.0,12040.25,-0.1367676138698416,0.3656005698078506
81918.0,35.679,-59.36700000000002,20.319374802559828,145.0,96329.3805866666,1.0,12040.5,-0.12262128070859014,0.3222145394245606
92856.0,26.191,-74.86000000000001,18.142111525126893,127.0,101957.77256857092,1.0,12126.75,0.07069141022261444,0.4025342162557807
92856.0,26.296,-74.858,14.524511603722019,127.0,82297.10357076391,1.0,12127.0,0.11957263756614755,0.39431837017810617
92856.0,26.372,-74.81900000000002,11.65320374025366,127.0,63741.18850134524,1.0,12127.25,0.17665948045088886,0.35639710846052286
92856.0,26.437,-74.77100000000002,10.419641131796592,127.0,56256.325506048495,1.0,12127.5,0.2255097551219532,0.3214102550565119
92856.0,26.491,-74.707,10.20016184533139,127.0,54736.52381138777,1.0,12127.75,0.26981609440380727,0.2819391492474195
92856.0,26.54,-74.666,10.20016184533139,127.0,54777.16293979234,1.0,12128.0,0.3110920286203722,0.23608976759092593
92856.0,26.593,-74.58800000000002,10.171763576706491,127.0,53290.146139696866,1.0,12128.25,0.34123320378596267,0.16945625361545016
92856.0,26.619,-74.5,10.138290291442626,127.0,50341.6604701786,1.0,12128.5,0.3440449522039515,0.10966837463940786
92856.0,26.632,-74.42200000000003,9.98866691165054,127.0,45321.4381370106,1.0,12128.75,0.32477085203771316,0.058292261483288976
92856.0,26.63,-74.36599999999999,9.78212809242974,127.0,39543.60148970036,1.0,12129.0,0.29350655110519064,0.016572530934474118
92856.0,26.642,-74.30900000000003,8.961489639729807,127.0,32163.7889445955,1.0,12129.25,0.25880039904778745,-0.033871980351574266
92856.0,26.638,-74.24400000000003,7.745554460276192,127.0,24167.1943320681,1.0,12129.5,0.215257238339492,-0.07175792896913255
92856.0,26.606,-74.19200000000001,7.620329749977166,127.0,21620.776501449047,1.0,12129.75,0.18015608433434427,-0.10057884092374719
92856.0,26.588,-74.19900000000001,7.371516992914905,127.0,21096.991328665594,1.0,12130.0,0.16439925335807132,-0.12763229968830625
92856.0,26.572,-74.14100000000002,7.371516992914905,127.0,23486.584717942926,1.0,12130.25,0.15022625861124364,-0.1764021687304976
92856.0,26.533,-74.09699999999998,7.371516992914905,127.0,24726.32005828809,1.0,12130.5,0.11683418219051042,-0.214132166748404
92856.0,26.484,-74.07400000000001,7.55086160028995,127.0,26189.060491376044,1.0,12130.75,0.06888926616434267,-0.2426357988919676
92856.0,26.432,-74.07499999999999,7.812143129763864,127.0,27865.488558855945,1.0,12131.0,0.01358829803989454,-0.25903944232327947
92856.0,26.385,-74.07600000000002,8.266347331478075,127.0,31201.259181148493,1.0,12131.25,-0.041485171927862045,-0.2713357166048226
92856.0,26.334,-74.08499999999998,8.898125047874704,127.0,35370.44310350129,1.0,12131.5,-0.0953005520267552,-0.2729124987012568
92856.0,26.278,-74.118,9.27063260667474,127.0,38197.10011098429,1.0,12131.75,-0.1429606941627088,-0.26332706544536194
92856.0,26.228,-74.15100000000001,9.27063260667474,127.0,38744.95342606333,1.0,12132.0,-0.18311544390839388,-0.24257260374241515
92856.0,26.187,-74.19400000000002,9.27063260667474,127.0,38474.28396191998,1.0,12132.25,-0.21452891630033422,-0.2122827535617828
92856.0,26.145,-74.24900000000002,9.27063260667474,127.0,37998.02670102317,1.0,12132.5,-0.24392101553922652,-0.171312788143415
92856.0,26.119,-74.29599999999999,9.126977469576625,127.0,37214.614548056445,1.0,12132.75,-0.2709608088157712,-0.12043179173085178
92856.0,26.101,-74.363,9.10745307805035,127.0,37589.320249918186,1.0,12133.0,-0.2941006587149999,-0.05994062417595143
92856.0,26.092,-74.42099999999999,9.10745307805035,127.0,38562.083258168284,1.0,12133.25,-0.30748293433068713,0.0162904724320951
92856.0,26.096,-74.49799999999999,9.10745307805035,127.0,39242.09780859264,1.0,12133.5,-0.3018923447964511,0.08393736849089675
92856.0,26.124,-74.56400000000002,9.10745307805035,127.0,39191.6083131391,1.0,12133.75,-0.2812456623371639,0.13723286152768865
92856.0,26.166,-74.62400000000002,9.500823857021958,127.0,40454.21803232573,1.0,12134.0,-0.25761594710362484,0.17180244566066902
92856.0,26.195,-74.66000000000003,10.726725847214615,127.0,48351.62574726855,1.0,12134.25,-0.25908242955119065,0.20082247752688143
92856.0,26.229,-74.71600000000001,12.768453944724625,127.0,59751.05735217801,1.0,12134.5,-0.24490312330873104,0.23628935767723827
92856.0,26.276,-74.779,14.482309074872438,127.0,70520.74164574072,1.0,12134.75,-0.2226701899498939,0.27534690357632413
92856.0,26.338,-74.81599999999997,14.992962619043993,127.0,75683.83793196426,1.0,12135.0,-0.19489423288957813,0.31109010461063435
92856.0,26.409,-74.85399999999998,14.992962619043993,127.0,77178.98676929994,1.0,12135.25,-0.17566458862897288,0.3305749720693594
92856.0,26.47,-74.88299999999998,14.992962619043993,127.0,79073.77375750302,1.0,12135.5,-0.1482995933334453,0.3537095988378456
92856.0,26.536,-74.918,14.992962619043993,127.0,80354.24929359305,1.0,12135.75,-0.11253945619643904,0.37314997922678395
92856.0,26.616,-74.94099999999997,14.303462740407202,127.0,76405.69565080825,1.0,12136.0,-0.06695837163611557,0.382649685243939
92856.0,26.698,-74.947,12.967738791350595,127.0,66271.46124004286,1.0,12136.25,-0.01978753873022754,0.3711179574472503
92856.0,26.764,-74.94,11.897601823480846,127.0,59803.42351755315,1.0,12136.5,0.029316202040933843,0.3643606995277716
92856.0,26.834,-74.93,11.288271337661936,127.0,57480.60566535193,1.0,12136.75,0.08190094317421276,0.36113475287716457
92856.0,26.901,-74.90899999999999,11.161929632286556,127.0,59553.08221609933,1.0,12137.0,0.1413012105628986,0.3613551255002725
92856.0,26.976,-74.86900000000003,11.161929632286556,127.0,63724.028836292426,1.0,12137.25,0.2123367916494846,0.35676669673563344
92856.0,27.043,-74.82100000000003,11.161929632286556,127.0,68186.42813132856,1.0,12137.5,0.2836667324055715,0.3418900979334904
92856.0,27.11,-74.74900000000002,10.92406281554076,127.0,70786.92575291732,1.0,12137.75,0.35156959539665905,0.313781191968576
92856.0,27.171,-74.66300000000001,10.751977671498231,127.0,72519.32300446987,1.0,12138.0,0.40840739358536515,0.2716345761499191
92856.0,27.209,-74.56799999999998,10.676998862964282,127.0,73561.00057791594,1.0,12138.25,0.4491716632773808,0.2219838582673194
92856.0,27.249,-74.46800000000002,9.929067743281202,127.0,68155.82423429939,1.0,12138.5,0.4786332650108283,0.14175622947622013
92892.0,34.546,-59.363999999999976,6.5307695875014,186.25,50409.72035457296,1.0,12000.0,0.5312563195166867,0.18125920129149364
92892.0,34.589,-59.25400000000002,7.162869471924458,186.25,57074.364746230836,1.0,12000.25,0.4668052735871732,0.34330983901663736
92892.0,34.673,-59.148000000000025,7.448714187488251,186.25,65296.145805516615,1.0,12000.5,0.37965739863055564,0.5121053233734336
92892.0,34.786,-59.079999999999984,7.048005786211717,186.25,69532.22902252131,1.0,12000.75,0.26781841796711037,0.6655783123995541
92892.0,34.928,-59.01400000000001,6.3904513331465935,186.25,66649.64430647912,1.0,12001.0,0.12558846285281994,0.747989600899176
92892.0,35.089,-59.00999999999999,6.369797563302993,186.25,64713.32916192395,1.0,12001.25,-0.029535845267485667,0.7382218857291242
92892.0,35.217,-59.035000000000025,6.369797563302993,186.25,58309.637949547345,1.0,12001.5,-0.16792264838068913,0.6441763222879784
92892.0,35.337,-59.093999999999994,6.854483822899282,186.25,53142.033735747165,1.0,12001.75,-0.26180262223459005,0.4993359284504385
92892.0,35.416,-59.170000000000016,6.854483822899282,186.25,45914.13040245759,1.0,12002.0,-0.3412457487707745,0.34761928903266104
92892.0,35.466,-59.245000000000005,6.854483822899282,186.25,43370.241747832784,1.0,12002.25,-0.4043674400586171,0.2195659059220177
92892.0,35.5,-59.36900000000003,6.854483822899282,186.25,44078.88836761717,1.0,12002.5,-0.4504050337342153,0.12582885411335257
92892.0,35.512,-59.46600000000001,7.081119597613813,186.25,48051.69150580053,1.0,12002.75,-0.49047277034407877,0.054430651325306216
92892.0,35.526,-59.577999999999975,7.471436342676116,186.25,50997.77475876134,1.0,12003.0,-0.4963327183687778,-0.006765823688372011
92892.0,35.512,-59.706999999999994,7.739282664272203,186.25,48835.14985020523,1.0,12003.25,-0.45365268581801027,-0.0690575348407201
92892.0,35.49,-59.809000000000026,7.99248816636137,186.25,44747.3132594523,1.0,12003.5,-0.3761584464636954,-0.15579918999958192
92892.0,35.451,-59.88499999999999,8.830575948094188,186.25,56184.328811386564,1.0,12003.75,-0.32989433112971533,-0.3244285980048732
92892.0,35.406,-59.947,10.534698451412385,186.25,85215.1261622792,1.0,12004.0,-0.33683204021902885,-0.4822657807239856
92892.0,35.268,-60.01299999999998,11.486320021280484,186.25,106446.54741811608,1.0,12004.25,-0.3646651874794251,-0.5667496253027129
92892.0,35.137,-60.13799999999998,11.486320021280484,186.25,103043.03071486088,1.0,12004.5,-0.33770923932585317,-0.5581741702666706
92892.0,35.063,-60.22000000000003,11.486320021280484,186.25,98728.47158241589,1.0,12004.75,-0.23969998262549258,-0.5772820571822711
92892.0,34.97,-60.221000000000004,11.486320021280484,186.25,96577.69183547258,1.0,12005.0,-0.16036607603828382,-0.5900471967709647
92892.0,34.83,-60.254999999999995,10.333877031312174,186.25,84362.34289618197,1.0,12005.25,-0.07507639443693084,-0.5889125028585128
92892.0,34.714,-60.28800000000001,8.451335139572235,186.25,66617.96074325759,1.0,12005.5,0.04841348009324904,-0.5711861762480501
92892.0,34.637,-60.25999999999999,7.4699259740114075,186.25,61937.16740745463,1.0,12005.75,0.18823436767995153,-0.5728436000157686
92892.0,34.512,-60.156000000000006,7.202205709437229,186.25,58358.98395855648,1.0,12006.0,0.30371505632295126,-0.5049620727802927
92892.0,34.404,-60.096000000000004,6.575228937681652,186.25,49868.4358586728,1.0,12006.25,0.40537155352077037,-0.3739997984777621
92892.0,34.379,-60.011000000000024,5.943694860729461,186.25,43469.22255777622,1.0,12006.5,0.4840770061357391,-0.22031093852252076
92892.0,34.343,-59.84699999999998,5.059506835003347,186.25,33344.30026448708,1.0,12006.75,0.4734956096647606,-0.07416806678106141
92892.0,34.328,-59.742999999999995,4.5783173233440655,186.25,27798.909616381377,1.0,12007.0,0.4332913435815224,0.08504289472764376
92892.0,34.37,-59.66300000000001,4.5783173233440655,186.25,27921.800294448512,1.0,12007.25,0.37305226995505814,0.23986107936349954
92892.0,34.43,-59.57499999999999,4.5783173233440655,186.25,30076.805632695854,1.0,12007.5,0.2842449413577307,0.3839800487249401
92892.0,34.517,-59.51600000000002,4.5783173233440655,186.25,33791.53109008554,1.0,12007.75,0.12237817612964036,0.5226077947793449
92892.0,34.622,-59.49799999999999,5.029019489660461,186.25,43257.44074619797,1.0,12008.0,-0.06998102165923006,0.6215965758593325
92892.0,34.753,-59.54399999999998,5.646164475047745,186.25,54176.846723199546,1.0,12008.25,-0.2658077452845006,0.6451826696289223
92892.0,34.889,-59.64499999999998,5.853630569552174,186.25,57718.50277771557,1.0,12008.5,-0.4378836938228862,0.5678325497407071
92892.0,34.982,-59.74599999999998,5.853630569552174,186.25,59299.605225208805,1.0,12008.75,-0.605803387142658,0.4192064111749794
92892.0,35.036,-59.898000000000025,5.853630569552174,186.25,60705.98775295537,1.0,12009.0,-0.7147073829861885,0.2407775890008917
92892.0,35.065,-60.09800000000001,5.853630569552174,186.25,59858.57246870884,1.0,12009.25,-0.7424170902165003,0.04276205198300433
92892.0,35.066,-60.261000000000024,5.590537819105161,186.25,54631.75780667421,1.0,12009.5,-0.6913786166794641,-0.16438846197746942
92892.0,34.998,-60.40300000000002,5.180281364496475,186.25,48499.958197207416,1.0,12009.75,-0.5851972239085574,-0.348003871233165
92892.0,34.916,-60.548,4.86660520455388,186.25,44120.32113883811,1.0,12010.0,-0.4281952835256547,-0.5013147505025521
92892.0,34.808,-60.60899999999998,4.729901314991202,186.25,42351.129209430605,1.0,12010.25,-0.23689571706523635,-0.6065252082733293
92892.0,34.686,-60.649,4.5994300400558625,186.25,40004.53689228588,1.0,12010.5,-0.02202752652013365,-0.6321320932891336
92892.0,34.549,-60.634000000000015,4.092770048809805,186.25,32386.891571095683,1.0,12010.75,0.21040179375613285,-0.5356208830326635
92892.0,34.467,-60.56200000000001,3.45596043525729,186.25,25038.87024670177,1.0,12011.0,0.38734947701097533,-0.35716019253330794
92892.0,34.413,-60.43900000000002,3.45596043525729,186.25,23245.460846385373,1.0,12011.25,0.4755560430257056,-0.11448569211316748
92892.0,34.416,-60.33600000000001,3.45596043525729,186.25,22912.15353889185,1.0,12011.5,0.4576197987300725,0.15176466556791646
92892.0,34.479,-60.228999999999985,3.45596043525729,186.25,24673.021409198027,1.0,12011.75,0.331182053534391,0.39983557429881134
93002.0,32.948,-72.72500000000002,6.1539814856502115,178.5,58168.500328435366,1.0,12010.25,0.5373607186569185,0.4286452093537709
93002.0,33.031,-72.65899999999999,5.551822791352607,178.5,50551.316441953124,1.0,12010.5,0.3712615805191628,0.5482889947423791
93002.0,33.173,-72.59199999999998,5.551822791352607,178.5,51295.48632510867,1.0,12010.75,0.2269705425774371,0.6324116248317644
93002.0,33.29,-72.529,5.551822791352607,178.5,52031.01447158139,1.0,12011.0,0.06706957900989505,0.6782341752624814
93002.0,33.418,-72.54700000000003,5.551822791352607,178.5,55129.677192317016,1.0,12011.25,-0.13756345718184154,0.7089072257368154
93002.0,33.565,-72.60500000000002,5.905754934565009,178.5,64275.95100085764,1.0,12011.5,-0.3616964850779238,0.7039986775237567
93002.0,33.699,-72.709,6.9096134317721365,178.5,84767.67538636584,1.0,12011.75,-0.5942710172040594,0.6654254730327089
93002.0,33.816,-72.87400000000002,6.910437802856481,178.5,93313.85547487786,1.0,12012.0,-0.7859054784569239,0.588774408573708
93002.0,33.926,-73.08800000000002,6.910437802856481,178.5,92599.08643448101,1.0,12012.25,-0.8618173898039292,0.45481566015680736
93002.0,34.004,-73.31099999999998,6.910437802856481,178.5,86743.72671616779,1.0,12012.5,-0.873138691290717,0.26630988569840053
93002.0,34.039,-73.49700000000001,6.910437802856481,178.5,79677.91752017975,1.0,12012.75,-0.8373900691262786,0.04295880471474267
93002.0,34.011,-73.678,6.2394728746750685,178.5,68534.8117614608,1.0,12013.0,-0.777939306508189,-0.1812914346425813
93002.0,33.963,-73.87400000000002,6.097112924879628,178.5,65804.2239499615,1.0,12013.25,-0.6809168361617061,-0.39034254881056774
93002.0,33.873,-74.007,6.051159632001486,178.5,65946.1349609977,1.0,12013.5,-0.5607562201338114,-0.5600532076161202
93002.0,33.742,-74.12700000000001,5.941009017805586,178.5,64334.512585895754,1.0,12013.75,-0.4171313047305081,-0.6679490371910544
93002.0,33.606,-74.20600000000002,5.694415136429074,178.5,58678.38607581564,1.0,12014.0,-0.24353966733786384,-0.7086895476440634
93002.0,33.467,-74.24099999999999,5.163004286652139,178.5,49730.570456679896,1.0,12014.25,-0.030913286752174515,-0.6997835624357455
93002.0,33.34,-74.22699999999998,5.163004286652139,178.5,47684.07112904951,1.0,12014.5,0.19719279827443933,-0.6420406146364597
93002.0,33.227,-74.14699999999999,5.163004286652139,178.5,48032.40762286636,1.0,12014.75,0.4300788107520897,-0.5222529176489586
93002.0,33.13,-74.031,5.163004286652139,178.5,51203.10942076361,1.0,12015.0,0.6465696531025921,-0.31951106650367006
93002.0,33.08,-73.85500000000002,5.364067580034522,178.5,60023.2080744652,1.0,12015.25,0.8130756497336094,-0.03312575967964288
93002.0,33.108,-73.64800000000002,6.285579274121322,178.5,79430.25524427921,1.0,12015.5,0.8938204905641449,0.21356955773923866
93002.0,33.185,-73.42599999999999,6.285579274121322,178.5,82944.21606924981,1.0,12015.75,0.8787911143621208,0.3855244423560189
93002.0,33.267,-73.24599999999998,6.285579274121322,178.5,79164.79499849603,1.0,12016.0,0.7787005036613495,0.4822002415707146
93002.0,33.366,-73.07,6.285579274121322,178.5,71222.98003911551,1.0,12016.25,0.6027408364812795,0.5618918666613861
93002.0,33.474,-72.945,5.964276343795639,178.5,61564.5722605173,1.0,12016.5,0.3925808978326933,0.6398126222223337
93002.0,33.592,-72.89299999999997,5.244927674192108,178.5,52076.04540679445,1.0,12016.75,0.17377146771100502,0.7008233081929605
93002.0,33.761,-72.88,5.244927674192108,178.5,50251.28145930233,1.0,12017.0,-0.05007919673138932,0.6949427681823459
93002.0,33.885,-72.89999999999998,5.244927674192108,178.5,48380.2412851321,1.0,12017.25,-0.30809664029963796,0.5958627458416651
93002.0,33.985,-73.00400000000002,5.244927674192108,178.5,51869.68752904812,1.0,12017.5,-0.5465225220134227,0.4674818960649408
93002.0,34.054,-73.15699999999998,5.108243895302551,178.5,55886.31217013159,1.0,12017.75,-0.7311571314039581,0.31369365032088925
93002.0,34.111,-73.35300000000001,5.068388370163287,178.5,58003.322247804914,1.0,12018.0,-0.8202353286744188,0.1408513205206681
93002.0,34.114,-73.55000000000001,5.068388370163287,178.5,55544.49788442951,1.0,12018.25,-0.7956468975286523,-0.04575458139853562
93002.0,34.083,-73.72699999999998,5.068388370163287,178.5,51278.03983416747,1.0,12018.5,-0.6943783104078062,-0.24322891493892607
93002.0,34.026,-73.87,4.98189967985452,178.5,46994.71587440059,1.0,12018.75,-0.528696972486935,-0.43711208372295346
93002.0,33.915,-73.97500000000002,4.795487567944452,178.5,44477.66825397657,1.0,12019.0,-0.3207147493385307,-0.5933620316395835
93002.0,33.787,-74.02100000000002,4.715053285793669,178.5,43615.766266591556,1.0,12019.25,-0.09095191248213573,-0.6665255986495512
93002.0,33.651,-74.01799999999997,4.638739956247079,178.5,42731.3383076908,1.0,12019.5,0.12996993104460314,-0.6571751920172317
93002.0,33.53,-73.96300000000002,4.61643053290579,178.5,40629.3133239007,1.0,12019.75,0.31402744607360916,-0.5576945629464828
93002.0,33.428,-73.86399999999998,4.428804856061115,178.5,35673.15771174091,1.0,12020.0,0.43995750247800136,-0.38672266937035504
93002.0,33.381,-73.755,4.428804856061115,178.5,32758.986116761662,1.0,12020.25,0.5054363462085253,-0.18407015290613551
93002.0,33.368,-73.63099999999997,4.5099757157433675,178.5,33243.25501508218,1.0,12020.5,0.5339323265315954,0.04746426685661836
93002.0,33.399,-73.51299999999998,4.5099757157433675,178.5,37474.27430795756,1.0,12020.75,0.5273302406577661,0.29505112029274433
93002.0,33.478,-73.38999999999999,4.782492743843796,178.5,47633.17359809914,1.0,12021.0,0.47600811880618144,0.5459245540339078
93002.0,33.608,-73.29199999999997,5.559279623554734,178.5,64894.583206989846,1.0,12021.25,0.3481685986139314,0.7742145998906531
93002.0,33.775,-73.21300000000002,5.559279623554734,178.5,70951.7805220718,1.0,12021.5,0.14784570442864625,0.9162833920707694
93002.0,33.965,-73.20800000000003,5.559279623554734,178.5,71319.43612006144,1.0,12021.75,-0.10355596452461961,0.9271787291383913
93002.0,34.154,-73.267,5.559279623554734,178.5,66012.86477591822,1.0,12022.0,-0.3513364817015097,0.7888234719023224
101543.0,37.601,-58.50200000000001,10.115516071827171,180.5,120716.42902085582,1.0,12121.5,0.42927732735799573,-0.7542439144276721
101543.0,37.476,-58.39299999999997,5.976469415254913,180.5,52007.5693760209,1.0,12121.75,0.4475035373921737,-0.44745513086325894
101543.0,37.422,-58.278999999999996,4.935425088992096,180.5,31107.164428368695,1.0,12122.0,0.4154110191268157,-0.19370855370215945
101543.0,37.413,-58.19200000000001,4.935425088992096,180.5,25387.3610110653,1.0,12122.25,0.3719804662061622,-0.03953377130563222
101543.0,37.413,-58.101,4.935425088992096,180.5,24222.014924877254,1.0,12122.5,0.3557035219131328,0.029252559813815117
101543.0,37.417,-58.01999999999998,4.935425088992096,180.5,25483.05421487747,1.0,12122.75,0.36907230664179425,0.0691007096991876
101543.0,37.435,-57.93599999999998,4.935425088992096,180.5,27709.19775987515,1.0,12123.0,0.3915714120946513,0.11562903655623184
101543.0,37.467,-57.81200000000001,4.935425088992096,180.5,29062.697972428476,1.0,12123.25,0.37969059432985824,0.19803111939078796
101543.0,37.496,-57.74799999999999,4.935425088992096,180.5,30356.441308142734,1.0,12123.5,0.31849638316986373,0.314056323483043
101543.0,37.593,-57.68000000000001,5.206059637280636,180.5,31786.699086307133,1.0,12123.75,0.17611301405621219,0.4076001256846191
101543.0,37.664,-57.632000000000005,5.446234814403093,180.5,34073.8271407839,1.0,12124.0,-0.025439090242677584,0.45426655436347607
101543.0,37.763,-57.706999999999994,5.446234814403093,180.5,36928.42193157975,1.0,12124.25,-0.2195439919726239,0.4415235199866724
101543.0,37.846,-57.76600000000002,5.446234814403093,180.5,39987.14302999741,1.0,12124.5,-0.3785845218701286,0.3765137994836474
101543.0,37.905,-57.858000000000004,5.57398328943776,180.5,44247.87975828256,1.0,12124.75,-0.5056247127316411,0.27857799065153954
101543.0,37.949,-58.01999999999998,6.292260152588532,180.5,52550.35103208187,1.0,12125.0,-0.5874556262152842,0.1541531221319242
101543.0,37.971,-58.14499999999998,6.7556746398311125,180.5,57904.30100559922,1.0,12125.25,-0.6232549774480681,0.008716508674034232
101543.0,37.951,-58.31900000000002,6.940309703785511,180.5,58711.27883457774,1.0,12125.5,-0.5989384262915338,-0.14046604461088724
101543.0,37.914,-58.45999999999998,7.048525768795619,180.5,58227.423087979725,1.0,12125.75,-0.5368849706559012,-0.2695510926104729
101543.0,37.846,-58.57900000000001,7.048525768795619,180.5,56366.0945652433,1.0,12126.0,-0.45418816361452874,-0.36319625450428417
101543.0,37.762,-58.67500000000001,7.048525768795619,180.5,53781.14726891935,1.0,12126.25,-0.3600057941764747,-0.42223924092516507
101543.0,37.695,-58.769000000000005,6.940309703785511,180.5,50151.05104182567,1.0,12126.5,-0.25676876984161234,-0.4584901022657384
101543.0,37.58,-58.797000000000025,6.746006176482429,180.5,45874.9555502011,1.0,12126.75,-0.16634896952407008,-0.4657152027989119
101543.0,37.503,-58.83699999999999,6.25024447891064,180.5,40251.14108689757,1.0,12127.0,-0.07915768758185204,-0.4615867649629933
101543.0,37.417,-58.84699999999998,5.766815580822299,180.5,36142.7116254961,1.0,12127.25,0.027866015075563712,-0.45492265122725445
101543.0,37.321,-58.822,5.647191320547783,180.5,35273.4831880891,1.0,12127.5,0.17073185001386626,-0.42092918561867326
101543.0,37.251,-58.76400000000001,5.647191320547783,180.5,36669.5067198665,1.0,12127.75,0.34027595043499553,-0.327411313936651
101543.0,37.189,-58.66399999999999,5.647191320547783,180.5,42046.3950318837,1.0,12128.0,0.5147985133667703,-0.1677976092251785
101543.0,37.18,-58.51600000000002,5.647191320547783,180.5,50135.04284846032,1.0,12128.25,0.6448681765929243,0.031087873071763687
101543.0,37.204,-58.33300000000003,6.237759389831085,180.5,61394.48122604305,1.0,12128.5,0.6848519755817741,0.2080595430846297
101543.0,37.278,-58.17399999999998,7.511546451239287,180.5,80893.21099052198,1.0,12128.75,0.6860196328638719,0.37777238667374036
101543.0,37.345,-58.00599999999997,8.061647950896813,180.5,95231.80760977972,1.0,12129.0,0.6696285152038546,0.5381306038374878
101543.0,37.487,-57.851,8.061647950896813,180.5,106016.04304056404,1.0,12129.25,0.6525263160233314,0.6991439057032777
101543.0,37.628,-57.68799999999999,8.061647950896813,180.5,120718.39976071833,1.0,12129.5,0.6268617277831615,0.8904488887707855
101543.0,37.791,-57.57900000000001,8.061647950896813,180.5,121569.93005618667,1.0,12129.75,0.4473087223481608,1.001278413347243
101543.0,37.996,-57.45400000000001,7.792884891702327,180.5,93985.3309304169,1.0,12130.0,0.0381317871641966,0.8762279238056916
101543.0,38.185,-57.49400000000003,7.792884891702327,180.5,70722.2569025049,1.0,12130.25,-0.5171578315273003,0.4100094390965972
101543.0,38.191,-57.73200000000003,7.792884891702327,180.5,98092.80273826509,1.0,12130.5,-0.8874476977206719,-0.2244347927906787
101543.0,38.053,-58.02499999999998,7.792884891702327,180.5,132195.8464539914,1.0,12130.75,-1.020423503553171,-0.6932417491250619
101543.0,37.861,-58.261000000000024,8.487771400263103,180.5,152078.1561566172,1.0,12131.0,-0.9360963384669465,-0.9063622724872825
101543.0,37.709,-58.45800000000003,9.136379873365597,180.5,154973.19729464772,1.0,12131.25,-0.780746371408191,-0.9549991294996744
101543.0,37.521,-58.62099999999998,9.136379873365597,180.5,150475.19587328142,1.0,12131.5,-0.6538285814364246,-1.0035197602732349
101543.0,37.32,-58.783000000000015,9.136379873365597,180.5,141599.69435279153,1.0,12131.75,-0.5048389100556353,-1.0076925965786698
101543.0,37.129,-58.86900000000003,9.136379873365597,180.5,129540.55498481829,1.0,12132.0,-0.33091366559270813,-0.9765492273435289
101543.0,36.936,-58.947,7.280761503903525,180.5,86622.28967344866,1.0,12132.25,-0.10136127925641092,-0.8592470210633187
101543.0,36.798,-58.923,5.985785652246477,180.5,51823.9660343003,1.0,12132.5,0.19399970882279657,-0.598982600604854
101543.0,36.689,-58.86900000000003,5.985785652246477,180.5,42303.15060235931,1.0,12132.75,0.4682480627576322,-0.21185955580847077
101543.0,36.691,-58.69900000000001,5.985785652246477,180.5,57130.681510864415,1.0,12133.0,0.6539575319320174,0.23258832576091865
101543.0,36.797,-58.524,5.985785652246477,180.5,76900.15243842863,1.0,12133.25,0.7078052016988141,0.6098124899123548
101566.0,37.604,-58.49000000000001,8.348645712888036,170.5,92608.44262560875,1.0,12121.5,0.4625266528762312,-0.6609083722515618
101566.0,37.506,-58.37099999999998,5.193328190985907,170.5,41819.99915647088,1.0,12121.75,0.47470875244509275,-0.34290550598886127
101566.0,37.465,-58.24200000000002,4.648368951533252,170.5,26692.416170624852,1.0,12122.0,0.4032450462784834,-0.10852426551290845
101566.0,37.479,-58.17599999999999,4.648368951533252,170.5,20800.226728153808,1.0,12122.25,0.321424029262778,-0.050789587416108145
101566.0,37.478,-58.101,4.648368951533252,170.5,18078.681797822053,1.0,12122.5,0.27888948779088457,-0.04707414839402607
101566.0,37.449,-58.047000000000025,4.648368951533252,170.5,18931.797302655985,1.0,12122.75,0.2946236894792574,-0.030333827873036345
101566.0,37.449,-57.97300000000001,6.1631078727933435,170.5,28257.281415534588,1.0,12123.0,0.3304401316039885,0.04450640150743242
101566.0,37.477,-57.860000000000014,6.1631078727933435,170.5,29930.349848754693,1.0,12123.25,0.3213170405728264,0.14656452460752378
101566.0,37.499,-57.81200000000001,6.1631078727933435,170.5,30035.623136301885,1.0,12123.5,0.2820398576217571,0.21461186401267293
101566.0,37.571,-57.738,6.1631078727933435,170.5,25224.99131405417,1.0,12123.75,0.19462088343837028,0.22519938792862843
101566.0,37.593,-57.68299999999999,5.5527024833496315,170.5,16601.600999740152,1.0,12124.0,0.08299592984926117,0.2009621566130456
101566.0,37.634,-57.714,4.891629640818276,170.5,12831.71401968114,1.0,12124.25,0.03063732346292633,0.1882880606494874
101566.0,37.672,-57.702,4.6095275737392285,170.5,12202.220856569642,1.0,12124.5,0.009668513052224579,0.1922649659620635
101566.0,37.705,-57.70400000000001,4.6095275737392285,170.5,13811.38330098866,1.0,12124.75,-0.003331446359839813,0.2178693413092255
101566.0,37.755,-57.704999999999984,4.6095275737392285,170.5,15595.033725366595,1.0,12125.0,-0.05218857357758233,0.24043571428609345
101566.0,37.804,-57.721000000000004,4.9928341191474255,170.5,19313.728266386286,1.0,12125.25,-0.16540925449641805,0.22754136061240127
101566.0,37.844,-57.773000000000025,5.325496363407121,170.5,24551.949559504395,1.0,12125.5,-0.28459879996191234,0.17722333309713914
101566.0,37.878,-57.86500000000001,5.877776609991023,170.5,31575.666874040984,1.0,12125.75,-0.3784810714771558,0.09680897528067113
101566.0,37.88,-57.98200000000003,6.929463081560335,170.5,42675.46529933485,1.0,12126.0,-0.44774485732631086,0.010269330800315862
101566.0,37.869,-58.065999999999974,8.953690836694367,170.5,68857.60659982018,1.0,12126.25,-0.5530246072728198,-0.08329882735232631
101566.0,37.864,-58.22000000000003,10.075068068656373,170.5,89707.73718031286,1.0,12126.5,-0.6194341294060873,-0.18860956892842431
101566.0,37.797,-58.386000000000024,10.075068068656373,170.5,94560.3954971708,1.0,12126.75,-0.6158201233310697,-0.2943211584399522
101566.0,37.743,-58.52800000000002,10.075068068656373,170.5,92382.94113924689,1.0,12127.0,-0.5410369631166356,-0.38978274404236507
101566.0,37.652,-58.65699999999998,10.075068068656373,170.5,91257.44652268583,1.0,12127.25,-0.4674632964662019,-0.4640703942960286
101566.0,37.552,-58.72300000000001,9.412728111645142,170.5,85081.50351689078,1.0,12127.5,-0.39423616798351296,-0.5259897121476629
101566.0,37.452,-58.834,8.505914309258085,170.5,75259.68140631384,1.0,12127.75,-0.29330664217691615,-0.5726999077108019
101566.0,37.328,-58.89299999999997,6.2960956862079955,170.5,52153.03640988977,1.0,12128.0,-0.1170835643320333,-0.5908972455212121
101566.0,37.223,-58.884000000000015,5.3572214040237105,170.5,42425.54061170678,1.0,12128.25,0.14911858138399092,-0.5562687313740913
101566.0,37.117,-58.839,5.3572214040237105,170.5,43844.82530771396,1.0,12128.5,0.42262085107024777,-0.41907661984143235
101566.0,37.051,-58.67500000000001,5.3572214040237105,170.5,49170.90340263694,1.0,12128.75,0.646940901160768,-0.16428560302447698
101566.0,37.038,-58.511000000000024,5.3572214040237105,170.5,57831.085588664755,1.0,12129.0,0.7685373029669174,0.16008471928507312
101566.0,37.12,-58.31299999999999,6.0948517102714534,170.5,73214.82108400564,1.0,12129.25,0.7591287465251446,0.43227667133332826
101566.0,37.229,-58.115999999999985,7.112386798628371,170.5,89168.25779331653,1.0,12129.5,0.6664064160457049,0.6222010572897779
101566.0,37.367,-57.988999999999976,7.112386798628371,170.5,87137.16613165093,1.0,12129.75,0.5327525277766598,0.7141216871464515
101566.0,37.507,-57.86500000000001,7.112386798628371,170.5,82573.74341152284,1.0,12130.0,0.40248827419381483,0.742180813926548
101566.0,37.65,-57.79000000000002,7.112386798628371,170.5,78749.80076770614,1.0,12130.25,0.29423608390836853,0.7495075624098351
101566.0,37.793,-57.733000000000004,7.047079790920583,170.5,71836.29461590401,1.0,12130.5,0.16682969748299095,0.7222955781381205
101566.0,37.93,-57.709,6.148868619317433,170.5,54759.055586744376,1.0,12130.75,-0.010428744110448841,0.647545883592068
101566.0,38.043,-57.71800000000002,5.038369354867958,170.5,37866.65167531903,1.0,12131.0,-0.23534779158661312,0.4932875688162158
101566.0,38.137,-57.81900000000002,4.612644252218943,170.5,30792.33003642854,1.0,12131.25,-0.4170750642904529,0.2484462069526925
101566.0,38.149,-57.96100000000001,4.612644252218943,170.5,33210.85552993854,1.0,12131.5,-0.5232013683074553,0.020321990134675123
101566.0,38.13,-58.08600000000001,4.612644252218943,170.5,36607.118055226674,1.0,12131.75,-0.5571777234704544,-0.15048048426056362
101566.0,38.076,-58.233000000000004,4.612644252218943,170.5,40230.66849105899,1.0,12132.0,-0.5625501570287966,-0.2929750022447067
101566.0,38.026,-58.346000000000004,5.8879833626552145,170.5,62821.7788806756,1.0,12132.25,-0.5669149760108585,-0.5297540863772952
101566.0,37.918,-58.50599999999997,9.571214547662038,170.5,119142.15685075123,1.0,12132.5,-0.5049964448425033,-0.7512929214146763
101566.0,37.73,-58.617999999999995,13.207681389660415,170.5,175188.51599771687,1.0,12132.75,-0.3860653104178391,-0.8839670898623139
101566.0,37.542,-58.690999999999974,14.64332262220869,170.5,185747.44826384628,1.0,12133.0,-0.25937301683046715,-0.8852486515107749
101566.0,37.392,-58.730999999999995,15.153469057876128,170.5,181212.32341848672,1.0,12133.25,-0.19378747247691547,-0.8477783250125197
101908.0,33.935,-68.25799999999998,22.727549121791828,123.25,76126.86198396748,1.0,12165.0,-0.05071332495211926,-0.2382478940595147
101908.0,33.889,-68.27199999999999,17.289426251207416,123.25,62806.8259205252,1.0,12165.25,-0.013427507920686742,-0.26383394276277033
101908.0,33.842,-68.27800000000002,13.922583536249778,123.25,59703.367380104726,1.0,12165.5,0.035702369389126104,-0.3097990994998418
101908.0,33.779,-68.23899999999998,12.627922595416365,123.25,59717.98306561867,1.0,12165.75,0.07360746332390428,-0.33593609003395747
101908.0,33.703,-68.226,12.032119594127122,123.25,57995.93740471241,0.0,12166.0,0.11238638747700078,-0.3320218731880141
101908.0,33.646,-68.20400000000001,10.098930621395759,123.25,47190.52005742314,0.0,12166.25,0.17173740608180216,-0.293226992491165
101908.0,33.599,-68.15300000000002,10.084020399485373,123.25,46020.4569578285,0.0,12166.5,0.24846195344286287,-0.22002758052414234
101908.0,33.551,-68.07299999999998,9.61615650608431,123.25,46417.48132836659,0.0,12166.75,0.32960939189417954,-0.1207510275869886
101908.0,33.541,-67.99900000000002,8.803161414009832,123.25,49737.99984327912,0.0,12167.0,0.4102890684383894,-0.0220421758021001
101908.0,33.555,-67.89699999999999,8.052079343722703,123.25,51728.02544890948,0.0,12167.25,0.4648991974909973,0.046104511890665945
101908.0,33.573,-67.77100000000002,7.806438508850927,123.25,48044.67971765721,0.0,12167.5,0.43880339854837286,0.08813734417522605
101908.0,33.576,-67.65899999999999,7.806438508850927,123.25,43862.88380358069,0.0,12167.75,0.38312026719598963,0.14206353761899956
101908.0,33.608,-67.60399999999998,7.722782474182191,123.25,38461.346215309284,0.0,12168.0,0.30577699310590517,0.19408801083618382
101908.0,33.669,-67.529,6.15258332066676,123.25,26133.24273060875,0.0,12168.25,0.21115730717253467,0.22544351443204175
101908.0,33.709,-67.483,5.331001993893946,123.25,19345.861968497124,0.0,12168.5,0.08505352982551781,0.2498219837025166
101908.0,33.742,-67.481,5.331001993893946,123.25,20661.056000603327,0.0,12168.75,-0.016583574009185933,0.2813563433273387
101908.0,33.802,-67.51100000000002,5.331001993893946,123.25,22709.3177313298,0.0,12169.0,-0.09142087584646809,0.2959888577101866
101908.0,33.884,-67.52600000000001,5.331001993893946,123.25,23320.84858620203,0.0,12169.25,-0.1609555557823424,0.2744059218308604
101908.0,33.911,-67.56599999999997,5.7317431033594435,123.25,28453.130961725336,0.0,12169.5,-0.2616989807570141,0.24866846529960998
101908.0,33.95,-67.644,7.2332486907434275,123.25,41215.2576471918,0.0,12169.75,-0.35691874217850944,0.21050757639612738
101908.0,33.994,-67.73899999999998,7.2332486907434275,123.25,46257.91539833249,0.0,12170.0,-0.43910774107618644,0.1532153891025506
101908.0,34.02,-67.83999999999997,7.2332486907434275,123.25,48493.568871404525,0.0,12170.25,-0.48114667217085394,0.07874249895361557
101908.0,34.017,-67.969,7.2332486907434275,123.25,43513.664283288614,0.0,12170.5,-0.4374100816088393,0.007831436248303306
101908.0,34.016,-68.07799999999997,6.892874630798461,123.25,35054.70627111563,0.0,12170.75,-0.3625880587211523,-0.07287242570516286
101908.0,33.991,-68.13299999999998,6.595395568418589,123.25,29342.885040054218,0.0,12171.0,-0.27916457838743236,-0.16353997127083506
101908.0,33.956,-68.19400000000002,6.595395568418589,123.25,30172.91796035662,0.0,12171.25,-0.20771557817872505,-0.2598813645335487
101908.0,33.886,-68.238,5.99864729814662,123.25,30907.779237877217,0.0,12171.5,-0.13978376857975527,-0.34764721792712494
101908.0,33.819,-68.26100000000002,5.910295129769334,123.25,34553.95402212866,0.0,12171.75,-0.06649777654693814,-0.4199297498561531
101908.0,33.731,-68.26499999999999,5.228478770217839,123.25,32676.21502679278,0.0,12172.0,0.022160586519326453,-0.45394751562568253
101908.0,33.637,-68.25799999999998,5.228478770217839,123.25,31542.61545422877,0.0,12172.25,0.13243801431864108,-0.4182539147506428
101908.0,33.56,-68.209,5.13017055713606,123.25,26744.764979214342,0.0,12172.5,0.2526694171555818,-0.28264423795073196
101908.0,33.514,-68.142,4.214394754030216,123.25,20260.268404326693,0.0,12172.75,0.3325367977085291,-0.10789844494478418
101908.0,33.517,-68.05099999999999,3.8960922739298582,123.25,18908.799640211408,0.0,12173.0,0.34601807518845396,0.06955658369526353
101908.0,33.546,-67.969,3.724236990848862,123.25,17550.260883578398,0.0,12173.25,0.28128436956483094,0.19575869806483898
101908.0,33.602,-67.92500000000001,3.724236990848862,123.25,14275.596820642688,0.0,12173.5,0.1557306212821365,0.23119791404908926
101908.0,33.648,-67.90199999999999,3.724236990848862,123.25,11515.114223792985,0.0,12173.75,-0.018862606448423698,0.224059582708918
101908.0,33.68,-67.92700000000002,3.758356731618957,123.25,14580.23432192801,0.0,12174.0,-0.21876825208833547,0.17813390991160527
101908.0,33.712,-68.0,4.15763200158124,123.25,23505.67835164847,0.0,12174.25,-0.40029949636089307,0.09380220998375091
101908.0,33.722,-68.11399999999998,4.890521094286291,123.25,33621.44680968345,0.0,12174.5,-0.4969497642957175,-0.054698009623898494
101908.0,33.706,-68.25,4.890521094286291,123.25,36478.194840753444,0.0,12174.75,-0.4938883670255039,-0.22428873275048972
101908.0,33.64,-68.356,4.890521094286291,123.25,36380.62735664558,0.0,12175.0,-0.3868656959113651,-0.3781457983497815
101908.0,33.55,-68.428,4.890521094286291,123.25,34221.10533918804,0.0,12175.25,-0.20961952958980734,-0.46368755926382205
101908.0,33.451,-68.44900000000001,4.69182806149767,123.25,28675.31651832038,0.0,12175.5,-0.008205908344344301,-0.4443838080245447
101908.0,33.369,-68.43200000000002,4.665569769599812,123.25,26547.922127881568,0.0,12175.75,0.18543848175005928,-0.36992456191692563
101908.0,33.311,-68.36599999999999,4.640566702178451,123.25,26562.40508051893,0.0,12176.0,0.32939294664940744,-0.25450134843744276
101908.0,33.272,-68.27300000000002,4.312774755017321,123.25,24600.87878608457,0.0,12176.25,0.39501808290634033,-0.1266355834002253
101908.0,33.262,-68.17000000000002,3.8990022655596093,123.25,20392.57441312055,0.0,12176.5,0.3803133848944282,-0.0053572551933585115
101908.0,33.269,-68.101,3.8990022655596093,123.25,18199.83520698424,0.0,12176.75,0.3255108588262396,0.09628735606536766
101912.0,37.048,-59.05099999999999,5.541267582668072,131.5,89253.70193388339,1.0,12131.0,-0.16054421318749704,-1.1602864479780033
101912.0,36.851,-59.057000000000016,4.628159946693514,131.5,55928.34402822591,1.0,12131.25,0.34178814665302587,-0.8096104989722107
101912.0,36.731,-58.884000000000015,4.628159946693514,131.5,52000.35333957812,1.0,12131.5,0.7562603975443282,-0.30933532158555344
101912.0,36.72,-58.66300000000001,4.628159946693514,131.5,64602.91262275383,1.0,12131.75,0.9897444723458656,0.22547463547989524
101912.0,36.834,-58.40899999999999,4.576854201697331,131.5,76786.64055808376,1.0,12132.0,1.0296300818249253,0.6545475327574158
101912.0,36.991,-58.16500000000002,4.269105462579154,131.5,78094.79942180436,1.0,12132.25,0.9088353039222635,0.9714581126921948
101912.0,37.213,-57.97800000000001,4.269105462579154,131.5,77661.16142572268,1.0,12132.5,0.631106349627736,1.1626772571597936
101912.0,37.439,-57.84699999999998,4.269105462579154,131.5,74268.99575721519,1.0,12132.75,0.209648148102797,1.2476432406129272
101912.0,37.685,-57.860000000000014,4.269105462579154,131.5,73188.36626178694,1.0,12133.0,-0.307169740163331,1.2082940299605693
101912.0,37.917,-58.0,3.8699561862953713,131.5,66844.007591334,1.0,12133.25,-0.7893887817220836,0.9770570679111101
101912.0,38.075,-58.247000000000014,3.8699561862953713,131.5,65989.46744459282,1.0,12133.5,-1.1190476700112726,0.534251326875577
101912.0,38.13,-58.56400000000002,3.8699561862953713,131.5,63399.88150767884,1.0,12133.75,-1.1888235048656621,-0.07793160550290147
101912.0,38.057,-58.84800000000001,3.8699561862953713,131.5,63940.7496205211,1.0,12134.0,-0.9640101017994211,-0.7172029157048063
101912.0,37.837,-59.047000000000025,3.9327402310566577,131.5,71918.91105300019,1.0,12134.25,-0.5715853498231738,-1.200784463023403
101912.0,37.564,-59.13299999999998,4.532339951086617,131.5,89874.69920974663,1.0,12134.5,-0.1287600641737851,-1.436292629535441
101912.0,37.277,-59.09500000000003,5.778125114787785,131.5,115517.68196647399,1.0,12134.75,0.2248929573784754,-1.4363778511019007
101912.0,37.007,-59.007000000000005,5.778125114787785,131.5,108353.82483681802,1.0,12135.0,0.4151539379647163,-1.2989858388225983
101912.0,36.787,-58.891999999999996,5.778125114787785,131.5,92650.50985265941,1.0,12135.25,0.49989988845519073,-1.0534866980549427
101912.0,36.602,-58.764999999999986,5.778125114787785,131.5,71404.66763873308,1.0,12135.5,0.5132782939600161,-0.7376813507725407
101912.0,36.484,-58.649,5.610003941954952,131.5,49607.08917255253,1.0,12135.75,0.5167768699833525,-0.38269923446891124
101912.0,36.462,-58.52800000000002,5.25107428502849,131.5,39337.41604954304,1.0,12136.0,0.5427608471766917,-0.0468989974876331
101912.0,36.479,-58.38799999999998,5.25107428502849,131.5,44571.169155687756,1.0,12136.25,0.5535277696082636,0.273173353257385
101912.0,36.566,-58.26600000000002,5.25107428502849,131.5,55558.36911768879,1.0,12136.5,0.5133158081290464,0.5731708929206849
101912.0,36.699,-58.136000000000024,5.25107428502849,131.5,66806.13730955946,1.0,12136.75,0.36845168129130407,0.8486655877319547
101912.0,36.892,-58.065,6.334933440472251,131.5,93576.60484968935,1.0,12137.0,0.09960231025477286,1.0695877695470284
101912.0,37.124,-58.077,7.786623065500891,131.5,131141.9644104663,1.0,12137.25,-0.18222808540673693,1.2111494253121018
101912.0,37.368,-58.17599999999999,8.457313630514209,131.5,156097.70718844543,1.0,12137.5,-0.43265619105471015,1.2705971595912504
101912.0,37.621,-58.28800000000001,8.457313630514209,131.5,164641.14131785548,1.0,12137.75,-0.6341868506152313,1.2657097410480778
101912.0,37.847,-58.476,8.457313630514209,131.5,168261.12768421386,1.0,12138.0,-0.7926830290556081,1.210359643911925
101912.0,38.076,-58.692999999999984,8.457313630514209,131.5,156964.1492782907,1.0,12138.25,-0.9158359665713125,0.9914175050983992
101912.0,38.249,-58.916,5.853193325266304,131.5,91588.13137933084,1.0,12138.5,-0.9866282526153262,0.5669487992369446
101912.0,38.308,-59.17500000000001,4.6204631878635665,131.5,59596.43095087127,1.0,12138.75,-0.9377738640579873,-0.020400426177179673
101912.0,38.241,-59.391999999999996,4.6204631878635665,131.5,57526.25263531436,1.0,12139.0,-0.6724456937441349,-0.6062914937530645
101912.0,38.062,-59.53199999999998,4.6204631878635665,131.5,67170.92601701348,1.0,12139.25,-0.2529288881051336,-1.0265103433007086
101912.0,37.817,-59.535000000000025,4.6204631878635665,131.5,77995.01202577759,1.0,12139.5,0.22641397715116784,-1.2065127292140576
101912.0,37.582,-59.40199999999999,5.269326349355859,131.5,97957.60110975865,1.0,12139.75,0.611160474218909,-1.2058835841568154
101912.0,37.363,-59.214999999999975,5.269326349355859,131.5,103479.42663189661,1.0,12140.0,0.8047938452436972,-1.1797613350296459
101912.0,37.152,-59.002999999999986,5.269326349355859,131.5,101951.23684320491,1.0,12140.25,0.9029984495875629,-1.0790406736761358
101912.0,36.96,-58.77800000000002,5.269326349355859,131.5,91962.17445733813,1.0,12140.5,0.9462927492063923,-0.8457694450352936
101912.0,36.793,-58.577,4.781036800211951,131.5,67597.62542533038,1.0,12140.75,0.9511786400079478,-0.3904409225276928
101912.0,36.774,-58.32499999999999,4.363445299687551,131.5,50329.133802084565,1.0,12141.0,0.8040188103072923,0.23902195361379286
101912.0,36.893,-58.129999999999995,4.363445299687551,131.5,54582.65554633343,1.0,12141.25,0.4838324216287739,0.7703465553395077
101912.0,37.105,-58.067999999999984,4.363445299687551,131.5,64988.071418766835,1.0,12141.5,0.03419130790235135,1.0825643894171588
101912.0,37.329,-58.117999999999995,4.363445299687551,131.5,73730.15316445904,1.0,12141.75,-0.4164639039726131,1.1560756443034097
101912.0,37.543,-58.293000000000006,4.406744918312339,131.5,79961.0894952906,1.0,12142.0,-0.7298084365066463,1.099363630134365
101912.0,37.741,-58.507000000000005,4.406744918312339,131.5,82011.14202429733,1.0,12142.25,-0.9685047079164163,0.9453291381762101
101912.0,37.888,-58.757000000000005,4.406744918312339,131.5,80279.68072242237,1.0,12142.5,-1.1397994896839878,0.6752634302343065
101912.0,38.016,-59.04399999999998,4.406744918312339,131.5,74975.89218625588,1.0,12142.75,-1.219155466119325,0.21103289414125362
101967.0,37.734,-58.536,12.426914780829701,185.0,147009.8269773243,1.0,12121.25,0.33591314840158565,-0.7920075050803883
101967.0,37.623,-58.442999999999984,7.630349955669823,185.0,69255.48493829626,1.0,12121.5,0.3752851912877441,-0.5429779352532266
101967.0,37.533,-58.360000000000014,6.354822096363381,185.0,42698.88130855235,1.0,12121.75,0.37112825064249994,-0.3178397505728625
101967.0,37.49,-58.257000000000005,6.354822096363381,185.0,33204.16150727551,1.0,12122.0,0.34118839549136665,-0.1672472050575115
101967.0,37.487,-58.190999999999974,6.354822096363381,185.0,29114.317417429378,1.0,12122.25,0.31810421790953114,-0.09906422364541384
101967.0,37.459,-58.117999999999995,6.354822096363381,185.0,28341.44616720178,1.0,12122.5,0.3228784558093975,-0.030631614524011384
101967.0,37.436,-58.02600000000001,7.216509048411889,185.0,33279.72844058758,1.0,12122.75,0.3318471334113998,0.04845289356901521
101967.0,37.471,-57.96100000000001,7.748645362663235,185.0,37344.90989639678,1.0,12123.0,0.3279968114580606,0.12352789176528198
101967.0,37.502,-57.851,7.748645362663235,185.0,36343.4449925381,1.0,12123.25,0.29901933945976605,0.1640989160611012
101967.0,37.523,-57.81999999999999,7.748645362663235,185.0,33198.689621196085,1.0,12123.5,0.26808459205748814,0.1587735551343838
101967.0,37.575,-57.74400000000003,7.748645362663235,185.0,26082.742129144033,1.0,12123.75,0.20193717793910027,0.13836002757903765
101967.0,37.582,-57.692999999999984,7.581942731719861,185.0,18939.6764926321,1.0,12124.0,0.12045664008541575,0.13597934461368621
101967.0,37.612,-57.704999999999984,7.214746818327744,185.0,18687.260586403918,1.0,12124.25,0.06146886129686482,0.17804885260816686
101967.0,37.655,-57.682000000000016,6.933917597266335,185.0,23785.91498301403,1.0,12124.5,0.017185331729753117,0.24887102761322705
101967.0,37.706,-57.67099999999999,6.590634673110768,185.0,26927.826392980318,1.0,12124.75,-0.05564449372340202,0.291868735638938
101967.0,37.773,-57.69900000000001,5.991092211408909,185.0,25975.201155958697,1.0,12125.0,-0.1502777903664259,0.27717939851480633
101967.0,37.823,-57.742999999999995,6.590634673110768,185.0,28509.331279844017,1.0,12125.25,-0.23280190560879893,0.2115690991073903
101967.0,37.85,-57.827,6.933917597266335,185.0,28673.6241020555,1.0,12125.5,-0.25850190226723363,0.15366359983565417
101967.0,37.866,-57.89299999999997,7.214746818327744,185.0,32287.554422608573,1.0,12125.75,-0.31179751030459607,0.09326316584787148
101967.0,37.887,-57.95800000000003,7.366209562236294,185.0,41598.853126212336,1.0,12126.0,-0.41007084230966334,0.0223575014192283
101967.0,37.878,-58.08800000000002,8.90500812217231,185.0,65071.078873312894,1.0,12126.25,-0.5260680801551645,-0.07507380715861188
101967.0,37.863,-58.23200000000003,10.012577241710872,185.0,84633.34605368132,1.0,12126.5,-0.5855419438499023,-0.18706734001029826
101967.0,37.798,-58.38499999999999,10.012577241710872,185.0,90758.6468773303,1.0,12126.75,-0.5917047455374729,-0.2905378535678171
101967.0,37.743,-58.51999999999998,10.012577241710872,185.0,91289.11022766912,1.0,12127.0,-0.5403416525696068,-0.3842550064097392
101967.0,37.658,-58.65899999999999,10.012577241710872,185.0,90602.31119789415,1.0,12127.25,-0.46130073506233726,-0.46928955804493916
101967.0,37.555,-58.73200000000003,9.721494472101027,185.0,88941.03000604344,1.0,12127.5,-0.3940435189734502,-0.5360876080060911
101967.0,37.447,-58.834,8.72333552234113,185.0,77519.87374739355,1.0,12127.75,-0.2820320231695789,-0.5814545577160706
101967.0,37.33,-58.88299999999998,6.388876386138273,185.0,53260.903651601315,1.0,12128.0,-0.10676830090504166,-0.596772081599118
101967.0,37.22,-58.88099999999997,5.49938450467835,185.0,43170.08920636339,1.0,12128.25,0.1377759545460629,-0.5539918679170995
101967.0,37.112,-58.829999999999984,5.49938450467835,185.0,43814.65161309777,1.0,12128.5,0.4208081983258095,-0.39826355945428854
101967.0,37.052,-58.678999999999974,5.49938450467835,185.0,50388.23472479863,1.0,12128.75,0.651300459644814,-0.14066502501595818
101967.0,37.043,-58.500999999999976,5.49938450467835,185.0,59961.26267999902,1.0,12129.0,0.7741961629176402,0.17124084706517728
101967.0,37.125,-58.30099999999999,6.28673716455656,185.0,76625.35684083916,1.0,12129.25,0.767928720439927,0.44264099125852086
101967.0,37.233,-58.11700000000002,7.192870332714043,185.0,89048.20281392195,1.0,12129.5,0.6664367122471646,0.6053172143134564
101967.0,37.359,-57.985000000000014,7.242301569979958,185.0,87718.89874010316,1.0,12129.75,0.5304059657345601,0.7032050863772912
101967.0,37.501,-57.86500000000001,7.242301569979958,185.0,84150.06545968323,1.0,12130.0,0.39717196240134384,0.7458133648416054
101967.0,37.649,-57.791,7.242301569979958,185.0,80016.81927307424,1.0,12130.25,0.27832860442888435,0.7537244957142327
101967.0,37.79,-57.735000000000014,7.242301569979958,185.0,73869.86364146606,1.0,12130.5,0.15130414551117188,0.7261530496469615
101967.0,37.935,-57.71199999999999,6.4435934725044035,185.0,56975.76234738364,1.0,12130.75,-0.018455110721212573,0.6427605247728965
101967.0,38.037,-57.73200000000003,4.923384036015747,185.0,36243.033221467806,1.0,12131.0,-0.22522277862535728,0.48565419094046125
101967.0,38.139,-57.81400000000002,4.838465396869972,185.0,32656.549564097186,1.0,12131.25,-0.41052894509670124,0.26903067412023846
101967.0,38.146,-57.959,4.838465396869972,185.0,33574.022498934406,1.0,12131.5,-0.49669551138725143,0.0890610435443551
101967.0,38.129,-58.07900000000001,4.838465396869972,185.0,37675.99130460022,1.0,12131.75,-0.5594272191938476,-0.08776296871787624
101967.0,38.101,-58.21100000000001,4.838465396869972,185.0,44948.189558308,1.0,12132.0,-0.5988971597373424,-0.3125983365612695
101967.0,38.053,-58.365999999999985,7.075541318340005,185.0,80624.76631805715,1.0,12132.25,-0.5809251509719231,-0.5909304291018787
101967.0,37.865,-58.52999999999997,10.648965947811854,185.0,129123.09969777898,1.0,12132.5,-0.4569394167026578,-0.7541557419165478
101967.0,37.698,-58.59899999999999,12.12226035868054,185.0,144383.91585592355,1.0,12132.75,-0.3359433298801784,-0.7983647776485083
101967.0,37.543,-58.672000000000025,12.947681133497808,185.0,144248.83798879574,1.0,12133.0,-0.2507725354344831,-0.7704022897188448
101988.0,36.243,-62.46300000000002,4.8886335825332035,122.75,61739.04718029059,1.0,12156.25,0.73015305693293,0.5571005715825913
101988.0,36.352,-62.29399999999998,5.057008751062536,122.75,59130.87795679917,1.0,12156.5,0.52805751597843,0.6664937058850656
101988.0,36.479,-62.173,5.236608891515208,122.75,58820.36748824433,1.0,12156.75,0.2618284751457571,0.7737532527066416
101988.0,36.65,-62.172000000000025,5.454508747558753,122.75,64592.22702844387,1.0,12157.0,-0.04041782820152388,0.8602246712706908
101988.0,36.826,-62.21199999999999,5.454508747558753,122.75,71132.24796414403,1.0,12157.25,-0.3521097393564388,0.8805799877533864
101988.0,36.993,-62.317999999999984,5.537964841378515,122.75,80981.16112132919,1.0,12157.5,-0.6732862301409094,0.8231174084296813
101988.0,37.136,-62.53399999999999,6.021101368355594,122.75,95700.11954507507,1.0,12157.75,-0.9377370623889116,0.6757556848879825
101988.0,37.262,-62.78699999999998,6.021101368355594,122.75,99212.96520544689,1.0,12158.0,-1.1139980553639544,0.4414581684019484
101988.0,37.31,-63.07499999999999,6.021101368355594,122.75,99337.79021478142,1.0,12158.25,-1.1900554450969851,0.1525135923472845
101988.0,37.307,-63.37099999999998,6.021101368355594,122.75,98699.93911803208,1.0,12158.5,-1.1818598128119124,-0.15579807073138124
101988.0,37.256,-63.641999999999996,5.999345465554856,122.75,97537.64016178483,1.0,12158.75,-1.0859844081713514,-0.46745586853390414
101988.0,37.129,-63.887,5.729720760177782,122.75,91191.06026673713,1.0,12159.0,-0.8863051843724129,-0.7443432425150026
101988.0,36.959,-64.10000000000002,5.2887743292987,122.75,81111.26301393448,1.0,12159.25,-0.586272163036629,-0.9487793210987776
101988.0,36.759,-64.17200000000003,4.919481136560148,122.75,73741.66347897968,1.0,12159.5,-0.2687756384200611,-1.056428720377714
101988.0,36.553,-64.178,4.545629925977679,122.75,65170.22073008041,1.0,12159.75,0.0846103372247884,-1.0391696108565813
101988.0,36.355,-64.13799999999998,4.124810138520078,122.75,56204.97799899976,1.0,12160.0,0.4678948312811415,-0.8734926537833105
101988.0,36.2,-63.98599999999999,4.124810138520078,122.75,56612.57877372968,1.0,12160.25,0.8249259214462805,-0.5618768805632484
101988.0,36.144,-63.730999999999995,4.124810138520078,122.75,57000.512678268926,1.0,12160.5,0.9960224312369399,-0.1335941683191269
101988.0,36.137,-63.44799999999998,4.124810138520078,122.75,59438.76656126835,1.0,12160.75,0.9923386025287579,0.3367784938038638
101988.0,36.257,-63.249000000000024,4.198355689529695,122.75,64549.24688169155,1.0,12161.0,0.8283410311519332,0.7509886418661891
101988.0,36.462,-63.059000000000026,4.847378407543718,122.75,78077.87430519355,1.0,12161.25,0.5749327521254404,1.0205470684314777
101988.0,36.658,-62.95999999999998,5.633613145904619,122.75,92310.97918993916,1.0,12161.5,0.31183266835725987,1.1500799169684885
101988.0,36.888,-62.92099999999999,5.633613145904619,122.75,91154.5385050496,1.0,12161.75,0.0890618943001153,1.1733020130509568
101988.0,37.12,-62.93299999999999,5.633613145904619,122.75,86466.58253766905,1.0,12162.0,-0.07831455614977745,1.113411601980062
101988.0,37.316,-62.956999999999994,5.633613145904619,122.75,79292.9258808753,1.0,12162.25,-0.23171823396076685,0.9969869126429675
101988.0,37.501,-63.03699999999998,5.4491494995356184,122.75,69385.28802590982,1.0,12162.5,-0.43003089571278547,0.820076211025017
101988.0,37.644,-63.15199999999999,4.829774145846224,122.75,56295.66737062991,1.0,12162.75,-0.6317953838193463,0.5650995799673915
101988.0,37.724,-63.339999999999975,4.829774145846224,122.75,55066.90966417372,1.0,12163.0,-0.7942586040374711,0.23797728428498516
101988.0,37.74,-63.55200000000002,4.829774145846224,122.75,57173.68300015522,1.0,12163.25,-0.8513412353839817,-0.12770312643626636
101988.0,37.672,-63.764999999999986,4.829774145846224,122.75,59970.01105698534,1.0,12163.5,-0.7715015639380429,-0.46919140396045095
101988.0,37.551,-63.940999999999974,5.084802699105249,122.75,68300.88068063135,1.0,12163.75,-0.6309725677665454,-0.7456993648328916
101988.0,37.381,-64.065,6.301486130082424,122.75,89971.59895740777,1.0,12164.0,-0.4709189227580113,-0.9253813732358269
101988.0,37.18,-64.16300000000001,7.830327921656472,122.75,114804.37448237893,1.0,12164.25,-0.3238699959893048,-1.015835485118108
101988.0,36.989,-64.22399999999999,7.830327921656472,122.75,116800.90261467312,1.0,12164.5,-0.18598275572387102,-1.0686943879095707
101988.0,36.779,-64.24799999999999,7.830327921656472,122.75,116532.31801402416,1.0,12164.75,-0.025240776679226078,-1.0819680013767343
101988.0,36.568,-64.24400000000003,7.830327921656472,122.75,114528.99988967835,1.0,12165.0,0.1657193350883432,-1.0506681362485553
101988.0,36.373,-64.17700000000002,7.675726223362706,122.75,106802.76263189653,1.0,12165.25,0.367084316022676,-0.9429479444267699
101988.0,36.195,-64.05200000000002,5.951273634314351,122.75,73438.1289519713,1.0,12165.5,0.5394363954523806,-0.7171502774661774
101988.0,36.086,-63.923,4.425607083285361,122.75,46741.98132780142,1.0,12165.75,0.6618543548426172,-0.3897168426399209
101988.0,36.038,-63.745000000000005,4.425607083285361,122.75,42002.77064962418,1.0,12166.0,0.6900649879360023,0.013346896276582407
101988.0,36.085,-63.579999999999984,4.425607083285361,122.75,43978.03721782661,1.0,12166.25,0.5874615692070764,0.4208498442666076
101988.0,36.213,-63.45100000000002,4.425607083285361,122.75,50254.99523226788,1.0,12166.5,0.35559963630481034,0.7453100667292037
101988.0,36.384,-63.411,4.551986960697305,122.75,61452.135534222056,1.0,12166.75,0.06878273010243803,0.9793402188245126
101988.0,36.598,-63.41699999999997,6.364240545009743,122.75,99340.61104249854,1.0,12167.0,-0.21425215483429438,1.1147289677866443
101988.0,36.818,-63.516999999999996,9.137506708422228,122.75,157320.68272811334,1.0,12167.25,-0.42670632959435006,1.177102137615901
101988.0,37.049,-63.639999999999986,10.751608949017985,122.75,192628.11208318165,1.0,12167.5,-0.5331754401472152,1.1888154319169182
101988.0,37.28,-63.781000000000006,10.751608949017985,122.75,188081.97772201296,1.0,12167.75,-0.5800017909169929,1.1322433134019845
101988.0,37.49,-63.911,10.751608949017985,122.75,170379.9502761023,1.0,12168.0,-0.5786186184960874,0.9966316221578995
114902.0,26.452,-42.15199999999999,10.966293107435394,131.75,30629.321092545968,1.0,12904.5,-0.1594223167476939,0.12585921342155018
114902.0,26.49,-42.192999999999984,9.058174831340843,131.75,25417.149534857253,1.0,12904.75,-0.18930057475912382,0.0761885818414684
114902.0,26.486,-42.22300000000001,8.788846196106595,131.75,25802.850680098272,1.0,12905.0,-0.21300042023781704,0.014626195561521078
114902.0,26.478,-42.27199999999999,8.395457474895371,131.75,25141.01196084152,1.0,12905.25,-0.21586300046852955,-0.028781061316742927
114902.0,26.471,-42.33300000000003,8.395457474895371,131.75,22213.10621044413,1.0,12905.5,-0.18162955861853938,-0.06350506653012428
114902.0,26.458,-42.38299999999998,8.480652662619574,131.75,16794.31841971988,1.0,12905.75,-0.12243808283982544,-0.0758183659899259
114902.0,26.434,-42.387,9.058174831340843,131.75,11821.159630275122,1.0,12906.0,-0.07186865791010771,-0.061981500158047625
114902.0,26.422,-42.38099999999997,11.612558897128668,131.75,15378.82395310422,1.0,12906.25,-0.09347286010210219,-0.023195058980798863
114902.0,26.425,-42.39100000000002,20.992580723585064,131.75,31164.06815372602,1.0,12906.5,-0.10794845496237321,-0.0014282351241823865
114902.0,26.432,-42.42399999999998,20.992580723585064,131.75,33803.13631722486,1.0,12906.75,-0.11710010218714823,-3.2511882417857576E-5
114902.0,26.44,-42.46300000000002,20.992580723585064,131.75,28631.413213460775,1.0,12907.0,-0.09800255472444167,-0.015265361393635
114902.0,26.431,-42.48599999999999,38.388393627841374,131.75,20761.911226842334,1.0,12907.25,-0.03822119208505101,-0.009276720774409903
114902.0,26.403,-42.483000000000004,39.13382568241021,131.75,5764.296398486521,1.0,12907.5,-0.003349631715958583,0.010174546405548683
114902.0,26.412,-42.47199999999998,32.51053523743104,131.75,16626.101345715473,1.0,12907.75,0.008557802804075974,0.03619253969253843
114902.0,26.435,-42.464999999999975,11.209300445383054,131.75,7618.247150908141,1.0,12908.0,-0.005130541849299225,0.04915753372734317
114902.0,26.452,-42.466999999999985,7.371830220490037,131.75,4051.811454196912,1.0,12908.25,-0.02400549797510056,0.03195903995822882
114902.0,26.444,-42.488999999999976,6.829922622508955,131.75,3511.725275232682,1.0,12908.5,-0.019955093050858918,0.03162128365029798
114902.0,26.453,-42.507000000000005,6.829922622508955,131.75,4018.2250365378177,1.0,12908.75,8.236256360396894E-5,0.04278423716058774
114902.0,26.46,-42.488,6.829922622508955,131.75,6460.231935546185,1.0,12909.0,0.014607860279707278,0.06721673372928087
114902.0,26.471,-42.48000000000002,6.829922622508955,131.75,9721.008004153477,1.0,12909.25,-0.017822658924373538,0.10195907667300877
114902.0,26.494,-42.480999999999995,6.829922622508955,131.75,11675.023660292813,1.0,12909.5,-0.06774586004445929,0.10422869133593925
114902.0,26.523,-42.5,7.045529235599797,131.75,14835.350423231796,1.0,12909.75,-0.13678122406615026,0.06883761454572185
114902.0,26.536,-42.53199999999998,7.045529235599797,131.75,19181.984835518273,1.0,12910.0,-0.19798321701117322,-0.0017860405163387435
114902.0,26.529,-42.591999999999985,5.316950220100966,131.75,15782.679573127874,1.0,12910.25,-0.19903736314970102,-0.08355994132389351
114902.0,26.497,-42.64999999999998,4.333206800100705,131.75,12071.184276958253,1.0,12910.5,-0.16004877789283417,-0.1241971793969162
114902.0,26.464,-42.68299999999999,4.045896555594795,131.75,7738.356570559302,1.0,12910.75,-0.08093803625510843,-0.11311690823783765
114902.0,26.435,-42.69200000000001,3.8022280604515917,131.75,2816.705275657547,1.0,12911.0,0.0017159205771147441,-0.05384544381835525
114902.0,26.44,-42.66199999999998,3.8022280604515917,131.75,1497.613032068474,1.0,12911.25,0.02064629071620989,0.019854128052930527
114902.0,26.454,-42.648000000000025,3.8022280604515917,131.75,3483.0711577888433,1.0,12911.5,0.01769762898706326,0.06422402738791835
114902.0,26.486,-42.644000000000005,3.8022280604515917,131.75,3771.8165559365957,1.0,12911.75,-0.01664251929351932,0.0701944682785194
114902.0,26.49,-42.65300000000002,3.9328273136131506,131.75,3851.0082818414485,1.0,12912.0,-0.056996585384268376,0.0426864140779033
114902.0,26.498,-42.678999999999974,3.9328273136131506,131.75,3197.0696574756375,1.0,12912.25,-0.05850815164283629,0.008463529776827152
114902.0,26.488,-42.704999999999984,4.101119597953646,131.75,3069.5041110052416,1.0,12912.5,-0.052991397858910314,-0.012427751816336286
114902.0,26.482,-42.71100000000001,4.171573651523337,131.75,2161.5826210430096,1.0,12912.75,-0.035618812117284286,-0.012298788149189915
114902.0,26.476,-42.714999999999975,4.536761430698561,131.75,1490.1551752533974,1.0,12913.0,-0.023269714885418635,0.0053928698370211275
114902.0,26.483,-42.709,6.28162726096717,131.75,3724.2790681940073,1.0,12913.25,-0.038374722221605116,0.019655803166254815
114902.0,26.494,-42.721000000000004,8.082166088146622,131.75,5647.241292064773,1.0,12913.5,-0.04648039794296913,0.020531243178912258
114902.0,26.507,-42.73000000000002,8.082166088146622,131.75,5634.95734020101,1.0,12913.75,-0.04990800628625641,0.008940349115675164
114902.0,26.497,-42.75,8.082166088146622,131.75,4712.669505387543,1.0,12914.0,-0.04225598902253625,-0.0035381205777420535
114902.0,26.491,-42.759000000000015,8.383279204236711,131.75,3274.046822411078,1.0,12914.25,-0.027793931159500202,0.005841832365328133
114902.0,26.491,-42.752999999999986,6.165531736643359,131.75,2339.181486982501,1.0,12914.5,-0.026465234231632852,0.007799156445977282
114902.0,26.499,-42.762,5.764884135914432,131.75,2951.1988622658937,1.0,12914.75,-0.03674312092322202,0.005991207874787643
114902.0,26.49,-42.762,5.226439904588488,131.75,3827.7532131743783,1.0,12915.0,-0.05300933169781411,-0.0051649452815907835
114902.0,26.505,-42.78800000000001,4.890588832103468,131.75,4503.285033914643,1.0,12915.25,-0.055862088032213784,-0.03692506378239596
114902.0,26.489,-42.79599999999999,4.056384796228776,131.75,3694.6899921382587,1.0,12915.5,-0.041352081485752534,-0.05174391755861673
114902.0,26.475,-42.815999999999974,4.890588832103468,131.75,3314.2457310941095,1.0,12915.75,-0.00896998465900218,-0.048458952293988306
114902.0,26.467,-42.80799999999999,5.196220354599346,131.75,2634.129120663067,1.0,12916.0,0.02839638560866335,-0.023509193786394298
114902.0,26.461,-42.79399999999998,4.071348869081761,131.75,2528.786201534607,1.0,12916.25,0.0404735894266007,0.020052977473238125
114909.0,23.421,-45.365999999999985,30.215548753453017,102.25,30940.373492472376,1.0,12850.75,-0.008715430134564517,-0.07395476507686376
114909.0,23.403,-45.363,20.83978609647772,102.25,20480.41449152346,1.0,12851.0,-0.002649205099680744,-0.0714188792487604
114909.0,23.402,-45.36700000000002,20.83978609647772,102.25,21059.84700122642,1.0,12851.25,-0.007462142888532816,-0.0731101386710762
114909.0,23.371,-45.351,20.83978609647772,102.25,20740.22884314201,1.0,12851.5,-0.005720272633241263,-0.0721482287313132
114909.0,23.373,-45.36500000000001,20.83978609647772,102.25,20046.920240444822,1.0,12851.75,0.003117465640643565,-0.06988578777414901
114909.0,23.341,-45.367999999999995,22.32490626318657,102.25,21567.620088693628,1.0,12852.0,0.02141035177296268,-0.06691334129039728
114909.0,23.348,-45.36700000000002,29.92273673850745,102.25,33164.20465357956,1.0,12852.25,0.04186053684441181,-0.06887696476556264
114909.0,23.322,-45.334,34.600505666730264,102.25,39253.340874132686,1.0,12852.5,0.04642003479403491,-0.06820285648847767
114909.0,23.316,-45.31999999999999,36.328692430969575,102.25,39782.01206537072,1.0,12852.75,0.04241674502364999,-0.06739827337175738
114909.0,23.295,-45.329999999999984,45.302556452975686,102.25,49163.42555208503,1.0,12853.0,0.038943198019677036,-0.06864218801728979
114909.0,23.295,-45.31400000000002,52.13716098679423,102.25,66533.65356959912,1.0,12853.25,0.05297036348157882,-0.07620014564613013
114909.0,23.265,-45.31400000000002,52.13716098679423,102.25,75965.04962919156,1.0,12853.5,0.06182851464464276,-0.08604807705279949
114909.0,23.266,-45.291,52.862091773575806,102.25,86701.58467812413,1.0,12853.75,0.06996394305791294,-0.09659985734404156
114909.0,23.232,-45.271000000000015,52.862091773575806,102.25,92029.60647414826,1.0,12854.0,0.07577607321544032,-0.10142337606513734
114909.0,23.208,-45.26299999999998,46.71992470430865,102.25,80250.99791905111,1.0,12854.25,0.08786198734569947,-0.08879198711227107
114909.0,23.197,-45.249000000000024,45.53272305085342,102.25,77237.00502001897,1.0,12854.5,0.09460218551455982,-0.07916858744911716
114909.0,23.179,-45.22500000000002,43.41196660684863,102.25,69385.45672649327,1.0,12854.75,0.09420651957206284,-0.06808063271716253
114909.0,23.181,-45.204999999999984,35.38166169539248,102.25,48248.133387236536,1.0,12855.0,0.08206677506946138,-0.055670409824712885
114909.0,23.148,-45.184000000000026,33.931119692826805,102.25,27285.49130377183,1.0,12855.25,0.050124521153539714,-0.030121790812186692
114909.0,23.153,-45.17599999999999,33.931119692826805,102.25,12453.926949740095,1.0,12855.5,0.02028633639494403,-0.017346610266057993
114909.0,23.142,-45.18099999999998,33.931119692826805,102.25,9533.767388862476,1.0,12855.75,-0.00981375261158153,-0.017922009485262107
114909.0,23.161,-45.17399999999998,33.931119692826805,102.25,22694.613925913098,1.0,12856.0,-0.03475715815164744,-0.03402585336151091
114909.0,23.142,-45.204999999999984,63.077396858900826,102.25,55651.34032142233,1.0,12856.25,-0.04147268414723032,-0.048954989697860204
114909.0,23.109,-45.20600000000002,65.63942415781948,102.25,75428.59079732354,1.0,12856.5,-0.05354616261920739,-0.06415866142268664
114909.0,23.116,-45.20100000000002,65.63942415781948,102.25,87806.47964064007,1.0,12856.75,-0.059588945359522937,-0.07689438417505752
114909.0,23.097,-45.252999999999986,65.63942415781948,102.25,88552.89528729321,1.0,12857.0,-0.0556132920756158,-0.08082282097894307
114909.0,23.061,-45.252999999999986,65.63942415781948,102.25,58676.50862515975,1.0,12857.25,-0.04313000207236482,-0.048639696533000265
114909.0,23.049,-45.25200000000001,30.444761266166598,102.25,28290.15747178891,1.0,12857.5,-0.05574435370148852,-0.03819696156409868
114909.0,23.047,-45.240999999999985,23.803246320881726,102.25,30790.47805428426,1.0,12857.75,-0.08152797649814297,-0.04692716988770623
114909.0,23.054,-45.271000000000015,15.190114571187996,102.25,27168.111156814943,1.0,12858.0,-0.10010445294456236,-0.08304408655202752
114909.0,23.042,-45.31099999999998,10.578682228923991,102.25,23388.853818800057,1.0,12858.25,-0.05026997417679252,-0.15272361804546783
114909.0,22.998,-45.34800000000001,9.74310605856412,102.25,23000.514492225815,1.0,12858.5,-6.926081749088729E-5,-0.1716746660233263
114909.0,22.946,-45.339999999999975,8.215997663950715,102.25,17828.31511946321,1.0,12858.75,0.05245732578866946,-0.1488291469926261
114909.0,22.9,-45.315999999999974,6.878421706460912,102.25,11050.825420293872,1.0,12859.0,0.07415602800469932,-0.0902842349097427
114909.0,22.905,-45.259000000000015,7.798753862139417,102.25,4134.19237996383,1.0,12859.25,-0.0030793932414526336,-0.038427453660904214
114909.0,22.925,-45.26400000000001,5.698137040958367,102.25,4710.905413972242,1.0,12859.5,-0.05276447116564477,-0.028820746034360013
114909.0,22.944,-45.281000000000006,3.8493803726093407,102.25,5595.183222049263,1.0,12859.75,-0.09023707943368706,-0.05505008561170868
114909.0,22.919,-45.329999999999984,2.2583068256126597,102.25,4019.4112115397434,1.0,12860.0,-0.08896572353570134,-0.09401089237741919
114909.0,22.881,-45.34800000000001,1.7577943754914647,102.25,1946.0503480094333,1.0,12860.25,-0.01464086232740587,-0.07916801077885728
114909.0,22.843,-45.358000000000004,1.7577943754914647,102.25,1474.5247800367042,1.0,12860.5,0.034229844109771645,-0.05049421327668606
114909.0,22.831,-45.33600000000001,2.2583068256126597,102.25,2071.4870725604187,1.0,12860.75,0.06669422343171295,-0.0012575313111546586
114909.0,22.84,-45.315,2.2583068256126597,102.25,2174.709836875331,1.0,12861.0,0.055085114227347916,0.043241640533817086
114909.0,22.867,-45.281000000000006,2.2583068256126597,102.25,1870.13302031233,1.0,12861.25,-0.049451858812999884,0.03436875527528897
114909.0,22.879,-45.29199999999997,2.598448210389655,102.25,4822.454263163529,1.0,12861.5,-0.13493201945017788,-0.002969689458486422
114909.0,22.89,-45.32499999999999,5.635125088434717,102.25,17200.35544675701,1.0,12861.75,-0.20808671812866816,-0.07727802425174513
114909.0,22.867,-45.408000000000015,5.635125088434717,102.25,22140.10783714826,1.0,12862.0,-0.23365694705262552,-0.16444139324428808
114909.0,22.814,-45.46199999999999,5.635125088434717,102.25,20736.373726421512,1.0,12862.25,-0.16748660173633736,-0.20871285159221623
114909.0,22.749,-45.492999999999995,5.635125088434717,102.25,18763.44237022754,1.0,12862.5,-0.09987338008946273,-0.22058874563546527
114910.0,24.594,-41.25799999999998,29.389524855987254,105.0,27342.61163631398,1.0,12734.0,0.06029029919316642,0.030701249521076366
114910.0,24.58,-41.25999999999999,24.62015081874999,105.0,22473.020772103206,1.0,12734.25,0.04095581614255297,0.052239045300695786
114910.0,24.595,-41.26600000000002,24.62015081874999,105.0,24009.516761576713,1.0,12734.5,0.03435878722803799,0.062039431393505776
114910.0,24.612,-41.262,24.62015081874999,105.0,25992.366361503966,1.0,12734.75,0.03556361013433992,0.06804166792450377
114910.0,24.635,-41.24599999999998,24.62015081874999,105.0,26641.59429835769,1.0,12735.0,0.035510012647069565,0.07022544917078292
114910.0,24.634,-41.226,29.092115918027744,105.0,35863.45199626302,1.0,12735.25,0.017763641597661906,0.0878709400727666
114910.0,24.647,-41.23399999999998,41.4916456466948,105.0,58593.313047451695,1.0,12735.5,0.016616958027283205,0.101342709452177
114910.0,24.67,-41.235000000000014,51.79281082155163,105.0,78888.97902751205,1.0,12735.75,0.023240522790435654,0.10830213549989326
114910.0,24.7,-41.228999999999985,51.79281082155163,105.0,76653.775261238,1.0,12736.0,0.030722150395961594,0.10315133797854134
114910.0,24.722,-41.21199999999999,51.79281082155163,105.0,61966.366274361244,1.0,12736.25,0.011774447589208547,0.08620630746977836
114910.0,24.727,-41.196000000000026,51.79281082155163,105.0,60198.47070499649,1.0,12736.5,0.004176459877634581,0.08442115611629811
114910.0,24.733,-41.21100000000001,50.95757819746553,105.0,62827.32454045345,1.0,12736.75,0.005055577921763818,0.08951883857346385
114910.0,24.767,-41.221000000000004,41.48298709152562,105.0,53437.3156566896,1.0,12737.0,0.01381623725556539,0.09265422654904595
114910.0,24.79,-41.206999999999994,28.666621229349268,105.0,28484.63214044739,1.0,12737.25,-6.885853357151107E-4,0.07225709772693888
114910.0,24.808,-41.178,21.43292818739596,105.0,23468.52211432311,1.0,12737.5,-0.01823665402186849,0.0775124229973651
114910.0,24.795,-41.19799999999998,20.871472182379375,105.0,29203.681076440706,1.0,12737.75,-0.034588236089377826,0.09569477447044752
114910.0,24.837,-41.221000000000004,20.871472182379375,105.0,34561.6434511848,1.0,12738.0,-0.040537651164383556,0.11339428229060582
114910.0,24.866,-41.22800000000001,20.871472182379375,105.0,29389.52086664767,1.0,12738.25,-0.043336250318423815,0.0927793049663366
114910.0,24.895,-41.214,20.871472182379375,105.0,28546.534701796307,1.0,12738.5,-0.054807480353681264,0.0830015120227951
114910.0,24.886,-41.230999999999995,20.740342067780134,105.0,27981.49790268408,1.0,12738.75,-0.06470538333951158,0.0737504943966062
114910.0,24.915,-41.252999999999986,19.036985795175305,105.0,23046.861503154585,1.0,12739.0,-0.0610089611084348,0.06347391188408226
114910.0,24.925,-41.271000000000015,15.918985478561002,105.0,8652.533423307961,1.0,12739.25,-0.022185864609864513,0.032713489143463115
114910.0,24.947,-41.27800000000002,17.910439944923805,105.0,5114.043922389078,1.0,12739.5,0.007242018079229446,0.01946081419054929
114910.0,24.931,-41.26600000000002,19.606047581812163,105.0,10364.45974616708,1.0,12739.75,0.028544480658292442,0.025751002093939043
114910.0,24.935,-41.25200000000001,19.606047581812163,105.0,17084.880791476022,1.0,12740.0,0.03392849565528091,0.053522835894324466
114910.0,24.942,-41.238999999999976,19.606047581812163,105.0,23190.776960982093,1.0,12740.25,0.032057864448550154,0.07982141875605402
114910.0,24.994,-41.261000000000024,30.902708150077856,105.0,40889.19827032116,1.0,12740.5,0.028624618798999715,0.09186656931816577
114910.0,25.0,-41.23399999999998,34.77585363924724,105.0,45891.84970874329,1.0,12740.75,0.021285922344923533,0.09357701732960844
114910.0,25.015,-41.23200000000003,36.893172009416276,105.0,47558.19194053236,1.0,12741.0,0.01376601994036386,0.09272817542297601
114910.0,25.027,-41.242999999999995,74.03144336453924,105.0,102184.43460383243,1.0,12741.25,0.021659340180594157,0.09801242626770212
114910.0,25.056,-41.23599999999999,132.85035839854834,105.0,173438.34747593262,1.0,12741.5,0.02596584662724732,0.09132003693915361
114910.0,25.076,-41.228999999999985,132.85035839854834,105.0,156712.40243771838,1.0,12741.75,0.028240264148652938,0.08100245736665851
114910.0,25.079,-41.218999999999994,132.85035839854834,105.0,141087.6098847383,1.0,12742.0,0.025833885182474613,0.07278224091249172
114910.0,25.097,-41.214,132.85035839854834,105.0,142377.12939104708,1.0,12742.25,0.02525809195074518,0.07373061219153784
114910.0,25.107,-41.22300000000001,24.559531410863077,105.0,23449.210476162727,1.0,12742.5,0.017307615908320233,0.06724264400834963
114910.0,25.131,-41.214,13.352603249181376,105.0,10712.608968446748,1.0,12742.75,-0.002015262462606828,0.058309081889266125
114910.0,25.133,-41.202999999999975,11.929816315288518,105.0,9949.912110504609,1.0,12743.0,-0.032820062720214725,0.05100606325833905
114910.0,25.138,-41.218999999999994,8.373009344820634,105.0,9547.972993550837,1.0,12743.25,-0.05758020495441649,0.05967746876602542
114910.0,25.145,-41.25,6.469556046113845,105.0,7211.662424435559,1.0,12743.5,-0.06358339702089902,0.05028412910637117
114910.0,25.17,-41.26400000000001,6.31280316849521,105.0,5137.912954804293,1.0,12743.75,-0.05231513873562561,0.027682060499479487
114910.0,25.165,-41.262,5.643251412049685,105.0,2243.9715063365293,1.0,12744.0,-0.02885280879093076,-0.0019265279500886136
114910.0,25.162,-41.271000000000015,5.202064173248865,105.0,1321.6608518379696,1.0,12744.25,0.005570493656790026,-0.017616358752210817
114910.0,25.149,-41.273000000000025,5.004936524803631,105.0,3005.963643568728,1.0,12744.5,0.03931919383167854,-0.01901756888823318
114910.0,25.148,-41.26400000000001,5.004936524803631,105.0,4249.176595665125,1.0,12744.75,0.061683514066155916,-0.002659301593429334
114910.0,25.145,-41.23399999999998,5.004936524803631,105.0,4504.73745525035,1.0,12745.0,0.05981661138824594,0.026574720642759952
114910.0,25.159,-41.22199999999998,5.202064173248865,105.0,4506.800154072651,1.0,12745.25,0.020312036625103176,0.05963852211132201
114910.0,25.167,-41.218999999999994,5.202064173248865,105.0,5785.313340430006,1.0,12745.5,-0.00906504052492877,0.0803659219614039
114910.0,25.193,-41.23200000000003,5.202064173248865,105.0,6237.1285382042115,1.0,12745.75,-0.028875544435432048,0.08227146780477004
116189.0,26.961,-73.52800000000002,52.43959237837482,103.75,154184.34551574654,1.0,12882.5,0.20732549151571805,0.05229603305475422
116189.0,26.973,-73.48200000000003,14.08865884381582,103.75,49129.16130270931,1.0,12882.75,0.2529203780325972,0.01844630351134592
116189.0,26.962,-73.40899999999999,11.200646981906747,103.75,46656.81380443066,1.0,12883.0,0.30116481821647445,-0.032627688672899634
116189.0,26.947,-73.34500000000003,10.912679331851935,103.75,52800.2416202317,1.0,12883.25,0.336925568005655,-0.10142507221853517
116189.0,26.934,-73.27699999999999,10.444216047636454,103.75,55466.94620338805,1.0,12883.5,0.33408065736053866,-0.19377558994769106
116189.0,26.904,-73.19799999999998,9.99044874293457,103.75,54448.606496320266,1.0,12883.75,0.2773663092339483,-0.28311362015235547
116189.0,26.816,-73.11900000000003,9.502640094959526,103.75,48268.543982164825,1.0,12884.0,0.17350126843510064,-0.3261086525710057
116189.0,26.728,-73.12099999999998,9.502640094959526,103.75,35638.63809934647,1.0,12884.25,0.07377260523045154,-0.26256940418357094
116189.0,26.69,-73.12200000000001,10.232435549346398,103.75,30943.8354210391,1.0,12884.5,0.004420011769578142,-0.2198738175472096
116189.0,26.668,-73.13600000000002,10.485205333017653,103.75,27474.871030745337,1.0,12884.75,-0.0240396093015528,-0.18903454097662692
116189.0,26.633,-73.149,14.294538390264398,103.75,35504.786634886994,1.0,12885.0,-0.021218022841429863,-0.1793765397311186
116189.0,26.588,-73.13,42.185911147444116,103.75,98924.22474058141,1.0,12885.25,-0.03228059510837849,-0.16744706176003343
116189.0,26.551,-73.12599999999998,105.02511862110734,103.75,234869.11974320447,1.0,12885.5,-0.015778444802092135,-0.16186209790538536
116189.0,26.524,-73.15499999999997,110.03180106680718,103.75,247396.44998351892,1.0,12885.75,0.01293578046052168,-0.1629963875342455
116189.0,26.493,-73.132,116.97568093831786,103.75,279407.61647816806,1.0,12886.0,0.03753932551621927,-0.16959874660845714
116189.0,26.457,-73.11500000000001,116.97568093831786,103.75,286559.4155996004,1.0,12886.25,0.021387649882697053,-0.17686125421575283
116189.0,26.424,-73.10700000000003,111.97357278149825,103.75,267719.2052312739,1.0,12886.5,-0.0010823262847365483,-0.1738688185201564
116189.0,26.387,-73.10000000000002,111.97357278149825,103.75,246745.1134131144,1.0,12886.75,-0.024391584689881483,-0.15838322095178492
116189.0,26.352,-73.12900000000002,108.00172683612867,103.75,202817.03954358102,1.0,12887.0,-0.02451720526897051,-0.13434636236579378
116189.0,26.331,-73.14100000000002,44.4724463505013,103.75,78797.34249905073,1.0,12887.25,0.028110334781584322,-0.1257469836917354
116189.0,26.326,-73.13400000000001,28.627275142748758,103.75,52744.70291064788,1.0,12887.5,0.04917636892958704,-0.12463703758765105
116189.0,26.294,-73.089,27.788660262016275,103.75,52974.77001115013,1.0,12887.75,0.0497990153204548,-0.1293802653828657
116189.0,26.257,-73.09500000000003,26.866468944552803,103.75,51344.613903815894,1.0,12888.0,0.036581886953714324,-0.13407847971901357
116189.0,26.242,-73.11399999999998,25.63204102215701,103.75,54463.59103453014,1.0,12888.25,0.03938620068220298,-0.1494177147784581
116189.0,26.221,-73.084,18.273763445484498,103.75,39655.92734093846,1.0,12888.5,0.019661358717428704,-0.15658470858649542
116189.0,26.177,-73.082,11.439165292301059,103.75,24074.665771501066,1.0,12888.75,-0.010305668801236373,-0.1527021870812529
116189.0,26.149,-73.10000000000002,11.208256295474554,103.75,22372.355076853983,1.0,12889.0,-0.04182220662562029,-0.1390022718680505
116189.0,26.13,-73.11399999999998,11.208256295474554,103.75,22617.491403823537,1.0,12889.25,-0.06801751028901776,-0.13003316918092742
116189.0,26.105,-73.12,11.208256295474554,103.75,24960.39448566494,1.0,12889.5,-0.10245864250296788,-0.1254187217621531
116189.0,26.084,-73.15300000000002,11.208256295474554,103.75,29125.57510125164,1.0,12889.75,-0.1399214346299587,-0.12701673652662018
116189.0,26.055,-73.17899999999997,15.778927832127073,103.75,47929.191314770556,1.0,12890.0,-0.17578641394539493,-0.13376987150856487
116189.0,26.029,-73.22899999999998,21.15040001720763,103.75,69799.77838203018,1.0,12890.25,-0.19217421364676013,-0.14375851238655663
116189.0,25.999,-73.28500000000003,23.353183566917227,103.75,86315.20783711167,1.0,12890.5,-0.21548699889351783,-0.16065958740456188
116189.0,25.975,-73.327,24.374809654397755,103.75,102644.11086554392,1.0,12890.75,-0.2487438717946995,-0.17862848096135042
116189.0,25.929,-73.36900000000003,25.24802260601847,103.75,121822.95499062826,1.0,12891.0,-0.29613257260644726,-0.18822202397204552
116189.0,25.887,-73.447,25.24802260601847,103.75,131708.07014011047,1.0,12891.25,-0.33669567365158865,-0.1747849285626848
116189.0,25.856,-73.54599999999999,25.24802260601847,103.75,141821.4942046217,1.0,12891.5,-0.37346971374175186,-0.16548105277124045
116189.0,25.834,-73.62200000000001,24.374809654397755,103.75,146963.66628185153,1.0,12891.75,-0.41100338802175074,-0.1527341381729308
116189.0,25.8,-73.69999999999999,21.845996012579118,103.75,141648.54826681444,1.0,12892.0,-0.4530580383592381,-0.1306750152286731
116189.0,25.768,-73.80900000000003,19.13990500269791,103.75,130160.5723810075,1.0,12892.25,-0.487808595464553,-0.0813480874255664
116189.0,25.758,-73.93,18.030629810175437,103.75,124963.58560265707,1.0,12892.5,-0.50253090094473,-0.03857786360872291
116189.0,25.765,-74.041,17.392315362501137,103.75,120046.61818902436,1.0,12892.75,-0.501935129951862,0.0035825307508392974
116189.0,25.764,-74.13799999999998,16.84276573776449,103.75,114792.27947966201,1.0,12893.0,-0.49302680725068676,0.05081831794956296
116189.0,25.775,-74.23500000000001,16.84276573776449,103.75,115703.30635775281,1.0,12893.25,-0.48201624254405606,0.1312744560582297
116189.0,25.787,-74.35199999999998,16.84276573776449,103.75,112490.31115399332,1.0,12893.5,-0.44518570207368763,0.19420064321074545
116189.0,25.847,-74.45299999999997,16.84276573776449,103.75,106682.68982696306,1.0,12893.75,-0.3963003465714647,0.23477779836604215
116189.0,25.912,-74.517,17.852064162840914,103.75,105763.41930577946,1.0,12894.0,-0.3537791514156288,0.2458881526003278
116189.0,25.938,-74.57499999999999,23.904477149673966,103.75,139539.8953115633,1.0,12894.25,-0.3418466874646421,0.2516890513742843
116295.0,35.102,-69.99599999999998,2.954582895924483,207.5,43427.89542203435,1.0,13173.25,1.0510149656499737,0.19473943699872504
116295.0,35.21,-69.757,2.7513137892788375,207.5,42406.57403033735,1.0,13173.5,0.8137428419015781,0.7708404243749248
116295.0,35.423,-69.61200000000002,2.7513137892788375,207.5,41186.07580471057,1.0,13173.75,0.3131302582465365,1.042613796251706
116295.0,35.651,-69.59100000000001,2.7513137892788375,207.5,36509.69835578493,1.0,13174.0,-0.33038067587308806,0.9066991448824347
116295.0,35.779,-69.745,2.9096623131269483,207.5,39963.99685791818,1.0,13174.25,-0.8650812889588777,0.4992992619044831
116295.0,35.832,-70.02499999999998,2.9957943854871814,207.5,45670.31536744222,1.0,13174.5,-1.1034088423539499,-0.10750783674212681
116295.0,35.767,-70.29899999999998,2.9096623131269483,207.5,47914.65938149627,1.0,13174.75,-0.9442608471013619,-0.7365365854592617
116295.0,35.539,-70.49599999999998,2.692966621350764,207.5,44293.14211449521,1.0,13175.0,-0.43599338585154745,-1.1138188145359722
116295.0,35.284,-70.51400000000001,2.8917798688061627,207.5,45404.82831970767,1.0,13175.25,0.17561561891802624,-1.128248118103502
116295.0,35.069,-70.406,3.007756315025427,207.5,42435.93159102768,1.0,13175.5,0.7071340010330567,-0.7434280711072547
116295.0,34.977,-70.161,3.169008658697316,207.5,42865.32280074173,1.0,13175.75,0.977350075427776,-0.11131352716020984
116295.0,35.033,-69.91500000000002,3.1652149922113275,207.5,44538.92197533463,1.0,13176.0,0.9037938544185206,0.47989354722503663
116295.0,35.206,-69.72800000000001,3.1652149922113275,207.5,46847.464229778794,1.0,13176.25,0.5879412316351446,0.9015710408484228
116295.0,35.413,-69.62799999999999,3.2725785711511963,207.5,48129.875354096024,1.0,13176.5,0.10648124192093314,1.0642108003273913
116295.0,35.605,-69.68,3.2974438670105335,207.5,48435.582872554885,1.0,13176.75,-0.40174898460895464,0.9897739749904226
116295.0,35.791,-69.839,3.339087096997059,207.5,49728.152063684174,1.0,13177.0,-0.8171508526318496,0.7107880225812697
116295.0,35.897,-70.06900000000002,3.4264276005505505,207.5,53026.65752990401,1.0,13177.25,-1.0954865432016538,0.25788340444457225
116295.0,35.899,-70.356,3.5706775344561956,207.5,58810.27272866383,1.0,13177.5,-1.162083047150575,-0.29014587329188335
116295.0,35.785,-70.63499999999999,3.688960232191763,207.5,64393.62276887573,1.0,13177.75,-0.9717243683145554,-0.8168087150861378
116295.0,35.576,-70.83100000000002,3.688960232191763,207.5,65088.56370245518,1.0,13178.0,-0.5105053198441782,-1.1771907082862292
116295.0,35.316,-70.90300000000002,3.688960232191763,207.5,65500.49647091676,1.0,13178.25,0.06019658128040678,-1.2898354029918873
116295.0,35.061,-70.81400000000002,3.688960232191763,207.5,63669.73751011732,1.0,13178.5,0.6025557806158489,-1.101056318657928
116295.0,34.871,-70.589,3.5268118735563316,207.5,56295.95967213301,1.0,13178.75,0.9571825415947316,-0.6567198246305503
116295.0,34.801,-70.34300000000002,3.477377299909919,207.5,49974.2578226854,1.0,13179.0,1.0404920938307096,-0.09810392057519818
116295.0,34.85,-70.09699999999998,3.477377299909919,207.5,48546.831509634416,1.0,13179.25,0.9153919159366108,0.43909072025852164
116295.0,34.979,-69.90699999999998,3.477377299909919,207.5,49687.32481925587,1.0,13179.5,0.6085375163703809,0.84227295784225
116295.0,35.181,-69.81599999999997,3.477377299909919,207.5,50655.76287541958,1.0,13179.75,0.19017494197233598,1.0421492397710863
116295.0,35.399,-69.81099999999998,3.477377299909919,207.5,50993.01121829906,1.0,13180.0,-0.2761298228207059,1.0300420345982453
116295.0,35.571,-69.93900000000002,3.477377299909919,207.5,52051.11716386975,1.0,13180.25,-0.6960780149168279,0.8368958034293914
116295.0,35.719,-70.13499999999999,3.6120488897166583,207.5,53461.03640118338,1.0,13180.5,-0.9649782168964793,0.4767881791322183
116295.0,35.771,-70.41500000000002,3.6600731458536506,207.5,50256.89425789771,1.0,13180.75,-0.9985532552401811,-0.0018878620062895007
116295.0,35.728,-70.65800000000002,3.6510171924450683,207.5,47559.45550076072,1.0,13181.0,-0.8139670151188493,-0.48460451488623296
116295.0,35.563,-70.786,3.474252790763063,207.5,48762.0465690145,1.0,13181.25,-0.5755862546954944,-0.8428961269162886
116295.0,35.375,-70.87900000000002,3.3156137999114983,207.5,48299.416206297035,1.0,13181.5,-0.2995269799296155,-1.0161347218977872
116295.0,35.183,-70.93900000000002,3.164743949610804,207.5,42855.54955366674,1.0,13181.75,0.05232153768042452,-0.9833786377436168
116295.0,35.0,-70.911,3.1998717135848076,207.5,38442.36202659092,1.0,13182.0,0.5111785532472022,-0.7085071609278009
116295.0,34.877,-70.71699999999998,3.1787366016954035,207.5,36944.13612709669,1.0,13182.25,0.8144101425210764,-0.22603384580051297
116295.0,34.876,-70.48899999999998,2.8820849548560754,207.5,36766.08673424761,1.0,13182.5,0.8620804308584455,0.34269730610988325
116295.0,35.019,-70.286,2.8820849548560754,207.5,39320.50738662547,1.0,13182.75,0.6097717713261586,0.7826526082741958
116295.0,35.223,-70.19900000000001,2.8820849548560754,207.5,35409.07190011187,1.0,13183.0,0.13541712650406057,0.8831355946064093
116295.0,35.398,-70.21199999999999,3.026958452211182,207.5,36040.721443510505,1.0,13183.25,-0.3862182446689179,0.7749631441192031
116295.0,35.504,-70.387,3.026958452211182,207.5,39017.27480561578,1.0,13183.5,-0.8102211055690999,0.471409300029592
116295.0,35.584,-70.62,2.998496443098212,207.5,41520.11110385788,1.0,13183.75,-1.006189105601506,0.03991705264373559
116295.0,35.539,-70.856,2.998496443098212,207.5,40872.39085182525,1.0,13184.0,-0.8873988729509761,-0.4417493351782842
116295.0,35.4,-71.072,3.051016278059014,207.5,40881.04107419141,1.0,13184.25,-0.4960597763105853,-0.8386939168191271
116295.0,35.214,-71.12400000000002,3.051016278059014,207.5,43507.231102150836,1.0,13184.5,0.0804044628353172,-1.0338884683705314
116295.0,34.989,-71.02499999999998,3.0158891456132992,207.5,46682.145904207624,1.0,13184.75,0.6457344925075673,-0.9220110152681702
116295.0,34.831,-70.80599999999998,2.894027994746112,207.5,42482.475809056625,1.0,13185.0,0.9688577403327994,-0.44821748816049334
118419.0,26.55,-17.254999999999995,15.184584067503893,108.5,35392.948816278666,1.0,12500.0,0.10277642802290658,0.13479100420266632
118419.0,26.545,-17.249000000000024,9.93144711126995,108.5,16288.43102742697,1.0,12500.25,0.07921379570945491,0.08916621538680695
118419.0,26.557,-17.24599999999998,9.93144711126995,108.5,17114.97567085292,1.0,12500.5,0.10010061949878968,0.0754032815591548
118419.0,26.584,-17.242999999999995,9.48253811302855,108.5,16527.153502320907,1.0,12500.75,0.12074682979747474,0.038537588696663225
118419.0,26.598,-17.19999999999999,9.48253811302855,108.5,18224.27920792598,1.0,12501.0,0.13955330653631656,-0.007651247612993076
118419.0,26.58,-17.166999999999973,9.48253811302855,108.5,19351.536255407278,1.0,12501.25,0.14021810204301433,-0.048618764816594016
118419.0,26.566,-17.132000000000005,10.58177443366887,108.5,17326.524218370003,1.0,12501.5,0.10781354840294856,-0.05054696377723149
118419.0,26.548,-17.107000000000028,11.339907138213208,108.5,15387.311774560107,1.0,12501.75,0.09131447492785508,-0.03740282633173286
118419.0,26.538,-17.093999999999994,13.460499757547606,108.5,17517.645829413534,1.0,12502.0,0.09377647167856731,-0.012765125792934033
118419.0,26.547,-17.089999999999975,20.311133568736313,108.5,33953.36897295604,1.0,12502.25,0.12155952159080896,0.0013264561771211053
118419.0,26.562,-17.05200000000002,27.40395547611447,108.5,56753.297131201645,1.0,12502.5,0.14885148956194255,-0.022925497445153608
118419.0,26.546,-16.99200000000002,30.22157596914542,108.5,70868.66787579352,1.0,12502.75,0.16716999388604728,-0.03368988317311324
118419.0,26.532,-16.966000000000008,33.46301937411111,108.5,84377.30174087931,1.0,12503.0,0.17852924862269354,-0.04185222417562502
118419.0,26.529,-16.925999999999988,37.20306932450829,108.5,99784.51099655077,1.0,12503.25,0.18841029912820972,-0.050466383837573646
118419.0,26.523,-16.88499999999999,42.25863828074665,108.5,124941.25922236126,1.0,12503.5,0.2025535388008927,-0.07211730470637617
118419.0,26.503,-16.83699999999999,47.01395821338672,108.5,151950.07963764312,1.0,12503.75,0.2151192452893463,-0.09469488239967362
118419.0,26.486,-16.793999999999983,55.54260886524711,108.5,195522.42657603783,1.0,12504.0,0.22761876093072675,-0.11715217686377562
118419.0,26.466,-16.732000000000028,60.869615101623495,108.5,229343.14879713312,1.0,12504.25,0.24072482560986044,-0.13087332599683796
118419.0,26.418,-16.687000000000012,68.6347310564101,108.5,275155.8792475335,1.0,12504.5,0.2669624379831822,-0.1171654333171372
118419.0,26.407,-16.636000000000024,68.6347310564101,108.5,295638.61882253847,1.0,12504.75,0.2905724101882993,-0.11700318806178564
118419.0,26.388,-16.562999999999988,68.6347310564101,108.5,314517.27181591524,1.0,12505.0,0.3089161456156604,-0.12499841417801964
118419.0,26.359,-16.49200000000002,66.75667463260821,108.5,318327.1133977895,1.0,12505.25,0.31763725575941215,-0.13913291843770503
118419.0,26.321,-16.423999999999978,62.18156176492213,108.5,306777.09270852467,1.0,12505.5,0.3283126318095665,-0.1446839008776729
118419.0,26.291,-16.375,28.365020191453,108.5,141133.91168917427,1.0,12505.75,0.3167901161112698,-0.174845363715585
118419.0,26.28,-16.281999999999982,15.474206149009383,108.5,75638.14024047968,1.0,12506.0,0.281246368153301,-0.21738643375129948
118419.0,26.202,-16.232000000000028,11.883645365089045,108.5,55749.94883889964,1.0,12506.25,0.22678916039934402,-0.25486923835004044
118419.0,26.148,-16.192999999999984,9.754098364143236,108.5,43058.47781254426,1.0,12506.5,0.18450145327067455,-0.26270839550877856
118419.0,26.101,-16.178999999999974,8.228560530359426,108.5,35899.50034421094,1.0,12506.75,0.13377508680835892,-0.28768949469909055
118419.0,26.057,-16.149999999999977,7.607934023911096,108.5,33808.376180844956,1.0,12507.0,0.07245592325018547,-0.31493723002028146
118419.0,25.982,-16.113999999999976,7.421056262890001,108.5,33927.2626652454,1.0,12507.25,-0.004077883718516603,-0.33244250957571553
118419.0,25.895,-16.15300000000002,7.397245975181674,108.5,33419.5109643343,1.0,12507.5,-0.07280631610908125,-0.3203774345275091
118419.0,25.862,-16.180999999999983,7.393347615521154,108.5,35055.0601405859,1.0,12507.75,-0.14677986593855002,-0.3120053563928408
118419.0,25.801,-16.214999999999975,7.368693657251096,108.5,37150.96054059871,1.0,12508.0,-0.2251759211269357,-0.28935151858814506
118419.0,25.738,-16.259000000000015,7.222885489848122,108.5,37963.200599677024,1.0,12508.25,-0.3015987165537823,-0.23480540282668266
118419.0,25.681,-16.338000000000022,6.870472272591864,108.5,34362.70675768409,1.0,12508.5,-0.3434693909435021,-0.11966972964752118
118419.0,25.679,-16.442000000000007,6.718210267655326,108.5,32751.433213970777,1.0,12508.75,-0.35408568550004316,-0.017577675300472047
118419.0,25.694,-16.504999999999995,6.718210267655326,108.5,31529.300667881897,1.0,12509.0,-0.3325311712795141,0.07683527037880294
118419.0,25.711,-16.579000000000008,6.718210267655326,108.5,30489.75874749288,1.0,12509.25,-0.29056418488598523,0.15652101300895258
118419.0,25.744,-16.630999999999972,6.718210267655326,108.5,30798.23964154505,1.0,12509.5,-0.25018505805054075,0.22033858160019046
118419.0,25.805,-16.672000000000025,7.012943716616136,108.5,32546.217914981735,1.0,12509.75,-0.20118848862954936,0.27097143783526023
118419.0,25.849,-16.71199999999999,7.464752807399704,108.5,34808.96548317845,1.0,12510.0,-0.14787918883003784,0.30516877429195616
118419.0,25.92,-16.738999999999976,7.761575885908994,108.5,35431.54577741778,1.0,12510.25,-0.08647572306367776,0.32051493888520355
118419.0,25.977,-16.762999999999977,7.761575885908994,108.5,32768.23304077501,1.0,12510.5,-0.008720294692984664,0.3068979541492119
118419.0,26.049,-16.750999999999976,7.761575885908994,108.5,30193.716405942127,1.0,12510.75,0.042711140670920245,0.27965712980376095
118419.0,26.087,-16.72800000000001,7.5438515353894,108.5,25993.118827775317,1.0,12511.0,0.07004150425976137,0.24058300261275053
118419.0,26.138,-16.708000000000027,7.2631464626882085,108.5,21136.954256532124,1.0,12511.25,0.08033773436024648,0.19579184333668165
118419.0,26.167,-16.704000000000008,6.645478794044135,108.5,17223.64340437345,1.0,12511.5,0.10446013960951718,0.15688443026406793
118419.0,26.183,-16.682000000000016,5.594735218214884,108.5,12518.975014351472,1.0,12511.75,0.12790612593744755,0.1005961250205943
122605.0,29.096,-74.95400000000001,10.711678574125145,101.5,47431.15410763594,1.0,12559.25,-0.32038811598767725,-0.03230004399560008
122605.0,29.098,-75.00799999999998,9.927569089622997,101.5,38243.9908054894,1.0,12559.5,-0.26772428907380846,-0.0824997241652843
122605.0,29.075,-75.055,8.07389205297105,101.5,29361.39524942681,1.0,12559.75,-0.23844662240201847,-0.1143777171299601
122605.0,29.039,-75.09899999999999,7.13763819570638,101.5,24441.919847777666,1.0,12560.0,-0.2168291835846386,-0.12247321124491305
122605.0,29.014,-75.17500000000001,6.983099691279294,101.5,19059.88541162912,1.0,12560.25,-0.1570219629951803,-0.12141787058883352
122605.0,29.007,-75.19200000000001,6.755879284276599,101.5,16315.383116688348,1.0,12560.5,-0.10605698765480727,-0.1399834702165058
122605.0,28.982,-75.21499999999997,6.755879284276599,101.5,16760.05574302148,1.0,12560.75,-0.06096986176892157,-0.16979490198380448
122605.0,28.926,-75.20800000000003,6.755879284276599,101.5,18332.51018628128,1.0,12561.0,-0.0223771119277463,-0.19606309316457213
122605.0,28.889,-75.221,6.675471093129076,101.5,20171.910212302344,1.0,12561.25,0.04186568501018119,-0.2157263295979321
122605.0,28.858,-75.22800000000001,6.484635001311947,101.5,23817.76806639216,1.0,12561.5,0.10252884883647558,-0.24664305359698632
122605.0,28.811,-75.17000000000002,6.675471093129076,101.5,28892.33737198486,1.0,12561.75,0.1625772151544068,-0.2695120293137663
122605.0,28.747,-75.12599999999998,6.850691985044372,101.5,33179.60199894078,1.0,12562.0,0.23920278306691806,-0.25852385467841293
122605.0,28.684,-75.08600000000001,6.850691985044372,101.5,42461.52484264771,1.0,12562.25,0.4077157851062927,-0.1921860580654299
122605.0,28.679,-75.02199999999999,6.849975356548514,101.5,52126.71648649152,1.0,12562.5,0.5431478834748247,-0.10601689974430636
122605.0,28.673,-74.85899999999998,6.484635001311947,101.5,54201.45028586028,1.0,12562.75,0.6073640553497033,0.024127754531663756
122605.0,28.66,-74.68299999999999,5.501910008792644,101.5,44822.70910525534,1.0,12563.0,0.5541812116900038,0.20947228361541093
122605.0,28.711,-74.61500000000001,4.5351052023488405,101.5,37502.55043228286,1.0,12563.25,0.4250896073252513,0.42537165672929156
122605.0,28.852,-74.56400000000002,4.206058003886056,101.5,34374.709589831014,1.0,12563.5,0.20487355237466287,0.5579055852114475
122605.0,28.964,-74.49099999999999,4.206058003886056,101.5,34467.211530189226,1.0,12563.75,-0.08351330723552636,0.5900516801319698
122605.0,29.072,-74.56900000000002,4.206058003886056,101.5,36614.348509529504,1.0,12564.0,-0.36823508210666644,0.514939720498945
122605.0,29.164,-74.72500000000002,4.206058003886056,101.5,36360.448360978844,1.0,12564.25,-0.5357071578833844,0.328996972882426
122605.0,29.24,-74.82900000000001,4.5774394607182805,101.5,41688.95965938015,1.0,12564.5,-0.6491227519780988,0.1315324223960424
122605.0,29.21,-74.97699999999998,5.308478150190438,101.5,48570.509184235394,1.0,12564.75,-0.6642406730403568,-0.038895306941248306
122605.0,29.179,-75.168,5.808445606322115,101.5,48093.26981606296,1.0,12565.0,-0.580855190819927,-0.15864483285554676
122605.0,29.173,-75.26499999999999,6.050187965816729,101.5,44152.79680730459,1.0,12565.25,-0.4557773135034621,-0.2718783144356511
122605.0,29.111,-75.315,6.213672879044028,101.5,40427.44394396976,1.0,12565.5,-0.34028492492496465,-0.32874324672489763
122605.0,29.018,-75.38099999999997,6.448426278387438,101.5,36857.014682880115,1.0,12565.75,-0.2399399549298098,-0.3394076100174418
122605.0,28.971,-75.44799999999998,6.712728654757018,101.5,33539.4903621912,1.0,12566.0,-0.14763198948235878,-0.3320045206974734
122605.0,28.926,-75.45800000000003,7.1689751310842995,101.5,35815.0490216136,1.0,12566.25,-0.07086155027768036,-0.35633007910322667
122605.0,28.845,-75.452,7.658082196416848,101.5,35753.98747478371,1.0,12566.5,-0.011833614088929236,-0.33931779961746344
122605.0,28.764,-75.45499999999998,7.937440523317028,101.5,32934.346496035876,1.0,12566.75,0.0393338928403179,-0.29916655856531604
122605.0,28.732,-75.45299999999997,7.937440523317028,101.5,29341.360255138257,1.0,12567.0,0.08808551024476494,-0.25398143477461127
122605.0,28.688,-75.41500000000002,7.937440523317028,101.5,29187.767968688066,1.0,12567.25,0.12223021388353073,-0.23784618598371488
122605.0,28.649,-75.38600000000002,8.31557938500388,101.5,27591.064706233945,1.0,12567.5,0.13925340421129406,-0.19705352158980752
122605.0,28.598,-75.346,8.693566088846042,101.5,24298.92726017504,1.0,12567.75,0.14707411828114075,-0.1403013466526856
122605.0,28.577,-75.31400000000002,8.504422212221979,101.5,21454.192592303218,1.0,12568.0,0.1638374955796347,-0.08254466635169713
122605.0,28.589,-75.29899999999998,8.504422212221979,101.5,27562.415577072978,1.0,12568.25,0.22401880351650644,-0.07324407879907052
122605.0,28.576,-75.243,7.96910900342499,101.5,27673.39404421287,1.0,12568.5,0.24747932808056908,-0.05027015497299692
122605.0,28.572,-75.15699999999998,7.942726290879383,101.5,26504.91531574254,1.0,12568.75,0.24262024319625733,-0.005099692344130427
122605.0,28.542,-75.12,7.942726290879383,101.5,25909.55260588053,1.0,12569.0,0.22646990371481823,0.07061192169273794
122605.0,28.594,-75.10500000000002,7.942726290879383,101.5,30264.14826436392,1.0,12569.25,0.24483539984843128,0.1297534437990784
122605.0,28.637,-75.02699999999999,7.3394347749792175,101.5,28943.55099809901,1.0,12569.5,0.22404796173846514,0.1790187892583375
122605.0,28.68,-74.97300000000001,7.140710975497781,101.5,28209.48908677491,1.0,12569.75,0.17665450532815258,0.22655792847170522
122605.0,28.698,-74.95800000000003,7.140710975497781,101.5,29827.736586828345,1.0,12570.0,0.11342688641593185,0.2817988503045004
122605.0,28.783,-74.94,7.71050697417874,101.5,33747.69124226807,1.0,12570.25,0.05226268824638004,0.3139731279529711
122605.0,28.865,-74.93099999999998,7.71050697417874,101.5,36982.972800669864,1.0,12570.5,-0.026508347227560118,0.3477981147757995
122605.0,28.907,-74.94299999999998,7.690118997821175,101.5,41894.3264533899,1.0,12570.75,-0.11322567323545706,0.3796517526997868
122605.0,28.996,-74.97699999999998,7.77121099694341,101.5,46834.63004532053,1.0,12571.0,-0.19654066899119377,0.39173308944526203
134988.0,25.987,-18.732000000000028,31.7459686824104,123.5,58458.10783749286,1.0,12986.25,-0.042251359945824775,0.12707272550417148
134988.0,26.0,-18.742999999999995,25.4190061432859,123.5,50289.08218246362,1.0,12986.5,-0.009655388301845676,0.14354929945184716
134988.0,26.042,-18.764999999999986,20.80610115881431,123.5,38327.39933685961,1.0,12986.75,0.012236357832974842,0.13340295816359227
134988.0,26.082,-18.744000000000028,20.80610115881431,123.5,32701.413211403175,1.0,12987.0,0.018634911211826182,0.11276955285963101
134988.0,26.086,-18.726999999999975,25.4190061432859,123.5,34582.06440975294,1.0,12987.25,0.002306275455213902,0.09891005631220337
134988.0,26.089,-18.728999999999985,26.553116967802982,123.5,49253.293440268004,1.0,12987.5,-0.01494992805493192,0.13406090454420458
134988.0,26.112,-18.76400000000001,25.32791637472176,123.5,47023.16881262152,1.0,12987.75,-0.00896168658920887,0.134716173525925
134988.0,26.17,-18.755999999999972,20.80610115881431,123.5,32641.597819924136,1.0,12988.0,0.014506119087650274,0.11316384416071182
134988.0,26.171,-18.75400000000002,10.975914695240085,123.5,13429.567448920889,1.0,12988.25,0.039975869704852215,0.07949332608783895
134988.0,26.172,-18.735000000000014,10.975914695240085,123.5,10822.679845970397,1.0,12988.5,0.02320348901460856,0.06784880425311604
134988.0,26.192,-18.701000000000022,6.732498378605195,123.5,5655.3903643944,1.0,12988.75,0.018499817644685154,0.0582189074871451
134988.0,26.191,-18.726,6.14136154964047,123.5,4977.278530612293,1.0,12989.0,0.023494001856754335,0.05405264004951188
134988.0,26.209,-18.72399999999999,6.14136154964047,123.5,5376.91310681262,1.0,12989.25,0.043256647853652665,0.04671963594015228
134988.0,26.23,-18.694999999999993,6.14136154964047,123.5,5205.600859187964,1.0,12989.5,0.05530423105221104,0.02722317540405325
134988.0,26.213,-18.67700000000002,6.14136154964047,123.5,6003.296526170909,1.0,12989.75,0.0691479068025491,0.01649101066239691
134988.0,26.222,-18.672000000000025,6.880529559580763,123.5,7779.463854052331,1.0,12990.0,0.08204437476317004,0.0054186051080323
134988.0,26.225,-18.637,7.761630849424161,123.5,10017.494673446157,1.0,12990.25,0.09291316982176537,-0.013285566035138282
134988.0,26.22,-18.62900000000002,9.37037715230709,123.5,14925.280086055975,1.0,12990.5,0.10465306643854227,-0.0496484904922468
134988.0,26.209,-18.59899999999999,11.92682274105085,123.5,23332.464200820967,1.0,12990.75,0.11357666190371608,-0.085674008334387
134988.0,26.191,-18.574000000000012,14.329761450120433,123.5,33573.246654947325,1.0,12991.0,0.12189061675678782,-0.11904736425378787
134988.0,26.153,-18.550999999999988,16.82492239867073,123.5,45158.645100686525,1.0,12991.25,0.13157174692212656,-0.14417828912870487
134988.0,26.12,-18.523000000000025,16.82492239867073,123.5,52708.57607729713,1.0,12991.5,0.15009273247381322,-0.17139054758169545
134988.0,26.108,-18.50200000000001,16.82492239867073,123.5,57456.53077674976,1.0,12991.75,0.1361927575692512,-0.20766783509949235
134988.0,26.061,-18.447000000000003,16.82492239867073,123.5,59835.664295497285,1.0,12992.0,0.09371717455270392,-0.24104938092379885
134988.0,25.998,-18.432000000000016,15.413932108489577,123.5,54944.75235244969,1.0,12992.25,0.03891775593338523,-0.2562881861883105
134988.0,25.934,-18.458000000000027,11.92297243513794,123.5,40412.76408184871,1.0,12992.5,0.03574863391488663,-0.24388437709160687
134988.0,25.912,-18.47199999999998,10.425802133115088,123.5,36191.01716320792,1.0,12992.75,0.012466635229573161,-0.2521315549371277
134988.0,25.87,-18.451000000000022,9.654300776670144,123.5,35269.30473527422,1.0,12993.0,-0.026710509241602072,-0.2643236553164971
134988.0,25.797,-18.44799999999998,8.949880026326015,123.5,34235.894741130774,1.0,12993.25,-0.08746524946585468,-0.2640750170058357
134988.0,25.739,-18.48399999999998,8.949880026326015,123.5,32222.824781116506,1.0,12993.5,-0.13586273737413584,-0.22381709560668653
134988.0,25.701,-18.55200000000002,8.949880026326015,123.5,33399.36414692251,1.0,12993.75,-0.17792780249709517,-0.20491936601188382
134988.0,25.688,-18.577999999999975,9.337197568959267,123.5,37403.984411019774,1.0,12994.0,-0.21871816963590612,-0.1924281380861595
134988.0,25.626,-18.620000000000005,9.773505650279462,123.5,42655.23759956477,1.0,12994.25,-0.2649268225886255,-0.17477933876486396
134988.0,25.596,-18.684000000000026,9.73111921536683,123.5,44759.24693229408,1.0,12994.5,-0.3101312245974795,-0.12531445030678381
134988.0,25.57,-18.769000000000005,9.73111921536683,123.5,46362.9641706228,1.0,12994.75,-0.33745767368507673,-0.07854103743160862
134988.0,25.574,-18.84899999999999,9.73111921536683,123.5,47473.41126346896,1.0,12995.0,-0.3537490908402252,-0.026968945289929713
134988.0,25.562,-18.903999999999996,9.939685292775252,123.5,50017.91977889648,1.0,12995.25,-0.3647083987339295,0.03009255590009541
134988.0,25.577,-18.997000000000014,9.986903892982095,123.5,52439.71312903171,1.0,12995.5,-0.36852387196108183,0.1000071832198766
134988.0,25.597,-19.077999999999975,9.992848662203807,123.5,54655.04594174784,1.0,12995.75,-0.36050012804037923,0.1680549169603211
134988.0,25.645,-19.151999999999987,10.063523643180108,123.5,57403.50341852092,1.0,12996.0,-0.34235396065514817,0.2342333252991413
134988.0,25.695,-19.226999999999975,10.419820614001985,123.5,61974.10135409501,1.0,12996.25,-0.31380955769526764,0.2976670363954915
134988.0,25.749,-19.27800000000002,11.194782482947199,123.5,70103.5951083137,1.0,12996.5,-0.27008709288724675,0.36666054419419275
134988.0,25.828,-19.355000000000018,11.656010506824872,123.5,73933.82500229032,1.0,12996.75,-0.21368342382847075,0.408795161840276
134988.0,25.918,-19.380999999999972,11.656010506824872,123.5,71952.05637478534,1.0,12997.0,-0.15078514142102936,0.4228287435228429
134988.0,26.003,-19.411999999999978,11.656010506824872,123.5,67498.70971353239,1.0,12997.25,-0.09204564893097651,0.41094329176413286
134988.0,26.078,-19.408999999999992,11.656010506824872,123.5,64425.431734156,1.0,12997.5,-0.05504870510199137,0.3981639847748128
134988.0,26.134,-19.420999999999992,11.656010506824872,123.5,59448.194204579275,1.0,12997.75,0.0032993121841898287,0.3708836422750008
134988.0,26.224,-19.447000000000003,11.398522696601578,123.5,53476.302378330365,1.0,12998.0,0.06531120552888671,0.33486676925728054
3.0023406044828E14,41.723,-39.76299999999998,22.15414855940057,119.25,79683.97400562355,0.0,13157.5,0.05921918832344814,0.2547746031389281
3.0023406044828E14,41.805,-39.75,11.444018694669642,119.25,48276.46972590061,0.0,13157.75,0.0011144273386354212,0.3067751703824782
3.0023406044828E14,41.851,-39.75,10.431366867709368,119.25,43606.51772841481,0.0,13158.0,-0.05346523345454878,0.29926347990859237
3.0023406044828E14,41.91,-39.795000000000016,10.239086950187057,119.25,28455.485690795125,0.0,13158.25,-0.07542098107390403,0.18750186096332616
3.0023406044828E14,41.952,-39.80000000000001,10.239086950187057,119.25,18623.149645698508,0.0,13158.5,-0.12558731941280082,0.04150795296224266
3.0023406044828E14,41.922,-39.834,10.239086950187057,119.25,29856.95831234159,0.0,13158.75,-0.19854403245919633,-0.07448484305322134
3.0023406044828E14,41.909,-39.920000000000016,7.042301106238053,119.25,27571.287661911865,0.0,13159.0,-0.2508321053456499,-0.1347042240639553
3.0023406044828E14,41.887,-39.97000000000003,5.265265688673087,119.25,22246.595264962572,0.0,13159.25,-0.2574678299803167,-0.167691639780909
3.0023406044828E14,41.841,-40.036,6.476653762730586,119.25,23262.544854817752,0.0,13159.5,-0.20701362670798348,-0.15928163759418246
3.0023406044828E14,41.817,-40.089,9.009357106972985,119.25,20611.25978288093,0.0,13159.75,-0.10341507032835587,-0.13032473015374024
3.0023406044828E14,41.795,-40.084,10.450641586630633,119.25,17244.24011906845,0.0,13160.0,0.013186091785178593,-0.11926943367952378
3.0023406044828E14,41.77,-40.08300000000003,10.065553237278937,119.25,26307.028630922778,0.0,13160.25,0.0930911115531627,-0.1657058748080305
3.0023406044828E14,41.749,-40.031000000000006,8.721700248057696,119.25,28272.658395290488,0.0,13160.5,0.12723755874708675,-0.19845282912128628
3.0023406044828E14,41.683,-40.007000000000005,7.925594467964632,119.25,24274.61345065755,0.0,13160.75,0.13003324558676757,-0.18083641593189825
3.0023406044828E14,41.673,-39.980999999999995,7.925594467964632,119.25,19301.260384766567,0.0,13161.0,0.12932127619865044,-0.12099842118422702
3.0023406044828E14,41.646,-39.93000000000001,7.925594467964632,119.25,16089.598441557018,0.0,13161.25,0.12999552734056768,-0.06997333793063434
3.0023406044828E14,41.643,-39.91399999999999,7.277037218563395,119.25,13888.933865121686,0.0,13161.5,0.13217929348558233,-0.04234706080765535
3.0023406044828E14,41.635,-39.86900000000003,6.103173589870274,119.25,11064.842237752408,0.0,13161.75,0.12658778618746994,-0.03685095924917888
3.0023406044828E14,41.624,-39.831999999999994,6.103173589870274,119.25,9740.542846744387,0.0,13162.0,0.11383726816257948,-0.02262039396686935
3.0023406044828E14,41.626,-39.821000000000026,6.103173589870274,119.25,10277.21426571506,0.0,13162.25,0.11917282827340597,0.0281727827011102
3.0023406044828E14,41.639,-39.773000000000025,5.597956421146424,119.25,14485.368113504854,0.0,13162.5,0.1399648199893504,0.12577904688218933
3.0023406044828E14,41.662,-39.749000000000024,5.363033222719022,119.25,20512.81372160007,0.0,13162.75,0.1566999717869767,0.22981119727841615
3.0023406044828E14,41.733,-39.70100000000002,5.4902110863051465,119.25,21729.474144684737,0.0,13163.0,0.12197342901716854,0.26070072653754894
3.0023406044828E14,41.787,-39.66300000000001,5.597956421146424,119.25,16191.903064650549,0.0,13163.25,0.008049012513473602,0.21019206470358798
3.0023406044828E14,41.796,-39.68799999999999,7.251464383738649,119.25,17944.709210661684,0.0,13163.5,-0.08474038087443499,0.1587601837942113
3.0023406044828E14,41.838,-39.733000000000004,10.306244647764318,119.25,25936.850989102906,0.0,13163.75,-0.13042805788105977,0.1283839236549019
3.0023406044828E14,41.857,-39.742999999999995,12.012219578916628,119.25,32511.114111092273,0.0,13164.0,-0.15231818987108653,0.12465255941824958
3.0023406044828E14,41.875,-39.807000000000016,21.972792616303227,119.25,69083.71313671726,0.0,13164.25,-0.18103513888039405,0.13965518415544148
3.0023406044828E14,41.92,-39.84899999999999,72.09573792082355,119.25,272547.329560201,0.0,13164.5,-0.2179520781663586,0.16755643518742963
3.0023406044828E14,41.938,-39.903999999999996,123.3725671007895,119.25,518942.9797751433,0.0,13164.75,-0.24009767411275415,0.1895326138578595
3.0023406044828E14,41.99,-39.99599999999998,123.3725671007895,119.25,472694.4917858556,0.0,13165.0,-0.21471691232784895,0.17757081052885376
3.0023406044828E14,42.024,-40.01600000000002,123.3725671007895,119.25,370403.31892459624,0.0,13165.25,-0.16959348388975548,0.13750640070501602
3.0023406044828E14,42.027,-40.06400000000002,123.3725671007895,119.25,267394.89270616986,0.0,13165.5,-0.12486533926869393,0.09618465741372503
3.0023406044828E14,42.057,-40.089999999999975,89.91991701158712,119.25,141422.16896679992,0.0,13165.75,-0.10089212626161911,0.05387221514866991
3.0023406044828E14,42.058,-40.10500000000002,49.66434683990921,119.25,73159.92816407485,0.0,13166.0,-0.10573692490357581,0.017195083872166297
3.0023406044828E14,42.054,-40.14499999999998,20.653750542430604,119.25,31281.065583142725,0.0,13166.25,-0.1099672841952743,0.0061822945486099444
3.0023406044828E14,42.063,-40.178999999999974,10.947387802473306,119.25,16951.1991234251,0.0,13166.5,-0.11060820615586081,0.021109613547875165
3.0023406044828E14,42.061,-40.196000000000026,8.662881316548358,119.25,13044.536032437165,0.0,13166.75,-0.10168367027988737,0.04064099594760391
3.0023406044828E14,42.069,-40.238999999999976,8.662881316548358,119.25,10327.281687741308,0.0,13167.0,-0.08647396683060711,0.0061748207639225556
3.0023406044828E14,42.087,-40.24400000000003,8.395954746232219,119.25,17376.094467370163,0.0,13167.25,-0.0936792736080112,-0.11779501155883572
3.0023406044828E14,42.024,-40.26299999999998,7.096588259930101,119.25,23324.68902430355,0.0,13167.5,-0.09012903500681788,-0.22137485734813406
3.0023406044828E14,41.983,-40.30099999999999,5.635452837704371,119.25,20809.811162879712,0.0,13167.75,-0.05645971346949297,-0.26253543963838566
3.0023406044828E14,41.931,-40.29399999999998,4.582247896355088,119.25,15121.364210075852,0.0,13168.0,5.584011377320862E-4,-0.23998126790440993
3.0023406044828E14,41.887,-40.293000000000006,4.582247896355088,119.25,11934.940524643844,0.0,13168.25,0.05293429383339245,-0.18186511010139397
3.0023406044828E14,41.862,-40.269000000000005,5.517402566133435,119.25,11097.825882983645,0.0,13168.5,0.09843254122684492,-0.10820044768689521
3.0023406044828E14,41.845,-40.24200000000002,5.517402566133435,119.25,10488.672760533738,0.0,13168.75,0.1319749021498214,-0.041164672078028694
3.0023406044828E14,41.849,-40.19999999999999,5.517402566133435,119.25,12076.76877289111,0.0,13169.0,0.1585012634896552,0.014659032732581574
3.0023406044828E14,41.849,-40.156000000000006,5.517402566133435,119.25,15487.415364441718,0.0,13169.25,0.19174569516851478,0.07002377571734704
3.0023406139093E14,36.861,-56.29599999999999,11.145807396340768,243.75,83249.18490539836,1.0,13619.5,-0.29034210861601417,-0.45905717227962867
3.0023406139093E14,36.761,-56.343999999999994,9.78485938880402,243.75,64913.10952763693,1.0,13619.75,-0.15544282322349,-0.45671278720175823
3.0023406139093E14,36.654,-56.34699999999998,9.78485938880402,243.75,48326.756983629784,1.0,13620.0,-0.150391245449091,-0.3261672086288194
3.0023406139093E14,36.62,-56.38099999999997,9.78485938880402,243.75,42036.09417302538,1.0,13620.25,-0.17893191982680912,-0.2561003831597167
3.0023406139093E14,36.585,-56.43799999999999,9.78485938880402,243.75,48571.31270993143,1.0,13620.5,-0.19219988560424475,-0.30556620805027807
3.0023406139093E14,36.515,-56.5,9.963198890190412,243.75,65045.727348361135,1.0,13620.75,-0.14942305186718333,-0.4506464730918925
3.0023406139093E14,36.39,-56.504999999999995,11.046681572206058,243.75,86580.98519522503,1.0,13621.0,-0.09844203676477073,-0.561410876203256
3.0023406139093E14,36.261,-56.507000000000005,11.046681572206058,243.75,104915.40618697695,1.0,13621.25,-0.003726021476321499,-0.6906646640053453
3.0023406139093E14,36.138,-56.51799999999997,11.046681572206058,243.75,124701.54522081328,1.0,13621.5,0.13804629173759045,-0.8092399411362718
3.0023406139093E14,35.968,-56.464999999999975,11.046681572206058,243.75,136786.53169515284,1.0,13621.75,0.28772886067576636,-0.8532816742580163
3.0023406139093E14,35.768,-56.35300000000001,10.487669834832033,243.75,113943.0630984505,1.0,13622.0,0.3488377503495538,-0.7089075821090546
3.0023406139093E14,35.655,-56.261000000000024,8.04931363955596,243.75,72772.19021688458,1.0,13622.25,0.3953073220496949,-0.5253498969061292
3.0023406139093E14,35.588,-56.18099999999998,5.557927689882662,243.75,42728.31635709601,1.0,13622.5,0.44333398565091786,-0.34061460542227945
3.0023406139093E14,35.533,-56.05799999999999,4.870945624148867,243.75,35568.315692974495,1.0,13622.75,0.5038447880829204,-0.16771853930345487
3.0023406139093E14,35.504,-55.935,4.870945624148867,243.75,37052.95537212201,1.0,13623.0,0.551631842583502,0.04151417767965514
3.0023406139093E14,35.539,-55.80200000000002,4.851970462990433,243.75,39871.31235355322,1.0,13623.25,0.5425035105603329,0.25062377987590156
3.0023406139093E14,35.607,-55.66399999999999,4.851970462990433,243.75,42860.18428150726,1.0,13623.5,0.4592674589438811,0.449159737911815
3.0023406139093E14,35.709,-55.58300000000003,4.990091917639935,243.75,47072.684269864556,1.0,13623.75,0.30581631002839027,0.6140664854193952
3.0023406139093E14,35.853,-55.528999999999996,5.028502202908359,243.75,50710.35943044809,1.0,13624.0,0.0889766321899378,0.7279541648541095
3.0023406139093E14,35.993,-55.52499999999998,5.028502202908359,243.75,56295.23453845252,1.0,13624.25,-0.1766286572130086,0.7947492193157508
3.0023406139093E14,36.149,-55.613,5.028502202908359,243.75,62960.55013214655,1.0,13624.5,-0.46552424103960205,0.7825335068454089
3.0023406139093E14,36.305,-55.747000000000014,5.008282187654923,243.75,67440.03225117685,1.0,13624.75,-0.7359405417529706,0.646009916332825
3.0023406139093E14,36.415,-55.956999999999994,4.906865910973984,243.75,66817.75910912702,1.0,13625.0,-0.9198362684475985,0.3667927265211399
3.0023406139093E14,36.44,-56.196000000000026,4.488452290734283,243.75,57832.75780052765,1.0,13625.25,-0.9369967594337127,-0.00464056683991311
3.0023406139093E14,36.414,-56.440999999999974,4.1568109089158085,243.75,50743.62208022241,1.0,13625.5,-0.7821518254006768,-0.419912358702848
3.0023406139093E14,36.293,-56.565,4.128965626882972,243.75,52671.94598981299,1.0,13625.75,-0.5162959604792827,-0.7707480498653999
3.0023406139093E14,36.091,-56.65699999999998,4.1113003871583125,243.75,52617.55333855122,1.0,13626.0,-0.18865123805497305,-0.9113970187966802
3.0023406139093E14,35.905,-56.69200000000001,4.04504866057704,243.75,50899.959916398766,1.0,13626.25,0.16724112698919347,-0.8996692241679174
3.0023406139093E14,35.754,-56.589999999999975,3.8924534795355945,243.75,46843.090988985525,1.0,13626.5,0.4741012100166672,-0.7356193444770669
3.0023406139093E14,35.615,-56.43900000000002,3.9391824219131517,243.75,43888.391551641034,1.0,13626.75,0.6693178573480278,-0.4566075167557915
3.0023406139093E14,35.559,-56.274,3.8408485751133434,243.75,39437.55102895158,1.0,13627.0,0.7365668985376737,-0.12262584357560477
3.0023406139093E14,35.575,-56.09500000000003,3.8408485751133434,243.75,37196.68845524333,1.0,13627.25,0.6853850096044121,0.16202723087412904
3.0023406139093E14,35.642,-55.94200000000001,3.8408485751133434,243.75,33774.43067644937,1.0,13627.5,0.5295663240598252,0.35846087612236177
3.0023406139093E14,35.713,-55.834,3.8408485751133434,243.75,30310.870287152316,1.0,13627.75,0.31942643998128584,0.47679100320038137
3.0023406139093E14,35.814,-55.80000000000001,4.058837936910624,243.75,31394.155501935635,1.0,13628.0,0.12941389929129168,0.5473981476263821
3.0023406139093E14,35.93,-55.79399999999998,4.404848494102959,243.75,33999.04719672715,1.0,13628.25,-0.05753635060256832,0.5583522221214083
3.0023406139093E14,36.04,-55.822,4.72006502734632,243.75,37610.7089884303,1.0,13628.5,-0.2335286160300111,0.5303280755021457
3.0023406139093E14,36.127,-55.89699999999999,5.180816851352538,243.75,43956.08122217921,1.0,13628.75,-0.3936541748511085,0.4751087794701024
3.0023406139093E14,36.22,-56.024,5.622898696113048,243.75,49669.856924277155,1.0,13629.0,-0.520466069534471,0.376536837629718
3.0023406139093E14,36.287,-56.14999999999998,5.622898696113048,243.75,51789.45859383472,1.0,13629.25,-0.6288737297871867,0.23055194451453812
3.0023406139093E14,36.31,-56.315,5.695032599833922,243.75,55522.79371891884,1.0,13629.5,-0.707754275304318,0.04187218619564684
3.0023406139093E14,36.302,-56.497000000000014,5.7512940039518226,243.75,59681.381686555695,1.0,13629.75,-0.733635253186865,-0.17680443165897158
3.0023406139093E14,36.244,-56.666,5.884353313732369,243.75,63674.66839748138,1.0,13630.0,-0.6754450573910094,-0.40376604996156595
3.0023406139093E14,36.136,-56.82600000000002,5.890410426516289,243.75,67147.02948141852,1.0,13630.25,-0.5320101566705375,-0.6357543119478656
3.0023406139093E14,36.004,-56.93599999999998,5.83544182542196,243.75,72305.38748625717,1.0,13630.5,-0.32268987104477426,-0.8413175693645871
3.0023406139093E14,35.819,-56.96800000000002,5.805184519198127,243.75,76537.39657718108,1.0,13630.75,-0.09260957631628935,-0.9543075743828066
3.0023406139093E14,35.607,-56.97800000000001,5.777530332463493,243.75,71405.05439963247,1.0,13631.0,0.12521149756331698,-0.8900143309094515
3.0023406139093E14,35.453,-56.922000000000025,5.777530332463493,243.75,63048.70728831356,1.0,13631.25,0.2930049790534616,-0.7375259024650522
3.0023406232635E14,29.038,-78.34800000000001,11.825812709412427,112.25,12608.942817367611,1.0,13581.0,0.07139783685231885,-0.030240179509364754
3.0023406232635E14,29.057,-78.34800000000001,6.939561345201622,112.25,1984.6876182059893,1.0,13581.25,0.020514941012208125,-0.0034210156248132414
3.0023406232635E14,29.051,-78.34500000000003,6.643316115032117,112.25,2469.3061500319372,1.0,13581.5,-0.026796041086158975,0.0035534582125648813
3.0023406232635E14,29.053,-78.36200000000002,6.2379365730364285,112.25,4778.923571945064,1.0,13581.75,-0.055684647078884465,-0.001772013666351611
3.0023406232635E14,29.04,-78.38299999999998,5.131575700935404,112.25,4717.991320348474,1.0,13582.0,-0.06595033391915224,-0.01099725822417548
3.0023406232635E14,29.053,-78.382,3.6453161858196976,112.25,4107.820562349752,1.0,13582.25,-0.07269864450384494,-0.03782203527544745
3.0023406232635E14,29.044,-78.39800000000002,4.220824668436542,112.25,5229.094841882531,1.0,13582.5,-0.06397156561605664,-0.06343932197477829
3.0023406232635E14,29.017,-78.41899999999998,4.759947715393052,112.25,4481.01171839367,1.0,13582.75,-0.027522989421636675,-0.06268432160472594
3.0023406232635E14,29.003,-78.43799999999999,5.134507608564569,112.25,3083.8609406432465,1.0,13583.0,0.042653550324962305,-0.009404082256888241
3.0023406232635E14,29.005,-78.40199999999999,5.134507608564569,112.25,5515.441347880586,1.0,13583.25,0.06940409286372073,0.03585240390786973
3.0023406232635E14,29.025,-78.375,5.134507608564569,112.25,6231.710046609342,1.0,13583.5,0.05456096760851574,0.06937802303759333
3.0023406232635E14,29.045,-78.37,5.134507608564569,112.25,6112.388118280694,1.0,13583.75,0.017260678041468868,0.0848340005993307
3.0023406232635E14,29.053,-78.38799999999998,6.056932376820089,112.25,8639.486119269925,1.0,13584.0,0.01344818555066533,0.10285381516148823
3.0023406232635E14,29.07,-78.38999999999999,8.028070521632445,112.25,12572.766451505113,1.0,13584.25,0.002984089314557162,0.11385095256242511
3.0023406232635E14,29.097,-78.38499999999999,9.284992786470207,112.25,14933.79208946297,1.0,13584.5,-0.009592823984879378,0.11657061803311436
3.0023406232635E14,29.12,-78.38799999999998,9.284992786470207,112.25,14471.192855082625,1.0,13584.75,-0.032315607910695154,0.10863697805737507
3.0023406232635E14,29.138,-78.392,9.284992786470207,112.25,14239.053778095227,1.0,13585.0,-0.062145645304401156,0.09260329060876071
3.0023406232635E14,29.154,-78.42000000000002,9.284992786470207,112.25,13662.787790009452,1.0,13585.25,-0.0786731318448414,0.07253725112996404
3.0023406232635E14,29.164,-78.43200000000002,8.86943337247432,112.25,11271.642903821086,1.0,13585.5,-0.07853305320518725,0.048720446536419486
3.0023406232635E14,29.182,-78.45100000000002,8.888189943002008,112.25,7654.153087360297,1.0,13585.75,-0.05623275622692405,0.027564607023512586
3.0023406232635E14,29.177,-78.46499999999997,9.175837122037061,112.25,4084.7712109683016,1.0,13586.0,-0.002892226482943924,0.03224393501302819
3.0023406232635E14,29.177,-78.46800000000002,9.175837122037061,112.25,8593.597552136795,1.0,13586.25,0.03684241135559434,0.05728244940764871
3.0023406232635E14,29.189,-78.44200000000001,12.715131006086748,112.25,18839.771096180495,1.0,13586.5,0.05200507102385506,0.09437017090253266
3.0023406232635E14,29.219,-78.43099999999998,22.224780268786436,112.25,38373.704539983264,1.0,13586.75,0.036930319609968495,0.12000945313027696
3.0023406232635E14,29.244,-78.42700000000002,29.635621568649004,112.25,42445.99142262689,1.0,13587.0,0.007196915033684576,0.10390813391445997
3.0023406232635E14,29.271,-78.428,45.77094425679035,112.25,52402.57495801193,1.0,13587.25,-0.00436207809662457,0.08314420999297545
3.0023406232635E14,29.279,-78.43900000000002,98.63666716298968,112.25,85784.11658872613,1.0,13587.5,0.008644888954029603,0.06265262223586746
3.0023406232635E14,29.285,-78.43799999999999,209.39533968874366,112.25,199519.17829593495,1.0,13587.75,0.037657959679881274,0.05816591819088044
3.0023406232635E14,29.297,-78.41300000000001,98.63666716298968,112.25,116499.77485516862,1.0,13588.0,0.04634370398751168,0.0723166675248264
3.0023406232635E14,29.315,-78.39999999999998,45.77094425679035,112.25,57115.889897237736,1.0,13588.25,0.04530072906542705,0.07863139978783007
3.0023406232635E14,29.331,-78.38499999999999,28.936419043009757,112.25,32869.90098107033,1.0,13588.5,0.03500354090796626,0.0748248573333372
3.0023406232635E14,29.351,-78.38999999999999,28.936419043009757,112.25,26540.55563391145,1.0,13588.75,0.02859343416700595,0.06026125262942357
3.0023406232635E14,29.357,-78.38299999999998,20.838415379156007,112.25,18724.247791940266,1.0,13589.0,0.039469041522284684,0.05207720271408027
3.0023406232635E14,29.359,-78.37900000000002,10.090096659745111,112.25,8105.469429999193,1.0,13589.25,0.02912452184008689,0.05064050645837686
3.0023406232635E14,29.364,-78.35899999999998,7.887062431668731,112.25,5249.032153907857,1.0,13589.5,-0.001285360282539505,0.04838122572446627
3.0023406232635E14,29.388,-78.36900000000003,7.33326976529888,112.25,5446.499107054292,1.0,13589.75,-0.0441506636715511,0.031111999235437244
3.0023406232635E14,29.388,-78.387,6.6655175158641065,112.25,6444.858593215947,1.0,13590.0,-0.07004537805425204,-0.0061474420292455595
3.0023406232635E14,29.38,-78.41000000000003,4.5830123482098655,112.25,5247.797260069915,1.0,13590.25,-0.07681661591247253,-0.03214365892755135
3.0023406232635E14,29.373,-78.428,3.448417303445394,112.25,3548.522706386776,1.0,13590.5,-0.06152151854002155,-0.0426039880588445
3.0023406232635E14,29.36,-78.44099999999997,4.5830123482098655,112.25,3042.8179636428194,1.0,13590.75,-0.03669667595172289,-0.031377825932408045
3.0023406232635E14,29.356,-78.43799999999999,6.621485238528195,112.25,2296.2992854992,1.0,13591.0,-0.025009673030822112,-0.0032476806150396028
3.0023406232635E14,29.361,-78.44799999999998,7.280008508920719,112.25,3669.790404300065,1.0,13591.25,-0.030876478610293665,0.019760913419278735
3.0023406232635E14,29.366,-78.45400000000001,7.280008508920719,112.25,7137.500048822512,1.0,13591.5,-0.06492381900551462,0.029468171423639878
3.0023406232635E14,29.373,-78.46199999999999,6.823388354959181,112.25,11275.626985019993,1.0,13591.75,-0.119041591571629,0.01645108843684935
3.0023406232635E14,29.377,-78.49400000000003,6.823388354959181,112.25,14384.940817642013,1.0,13592.0,-0.15122006159760146,-0.025235732027926124
3.0023406232635E14,29.367,-78.55599999999998,6.823388354959181,112.25,14395.93947803457,1.0,13592.25,-0.13592301037071527,-0.07117050533989921
3.0023406232635E14,29.357,-78.58600000000001,6.823388354959181,112.25,12278.17164823491,1.0,13592.5,-0.07908084571749749,-0.10425925986250069
3.0023406232635E14,29.319,-78.58100000000002,4.819316409020381,112.25,6627.053931575211,1.0,13592.75,-0.014077917034885336,-0.09900437902237189
3.0023406232836E14,37.341,-58.22399999999999,15.129470340678276,276.0,29628.59041480414,1.0,13306.25,-0.09589789050178954,-0.10528726441332126
3.0023406232836E14,37.319,-58.254999999999995,14.511372722876702,276.0,39000.94983605109,1.0,13306.5,-0.06291097698234507,-0.18504704269590772
3.0023406232836E14,37.28,-58.252999999999986,14.511372722876702,276.0,57845.22837669639,1.0,13306.75,-0.0016620706960619562,-0.28987985159645846
3.0023406232836E14,37.203,-58.257000000000005,14.511372722876702,276.0,83986.64388865017,1.0,13307.0,0.08163113597504196,-0.4128972472128908
3.0023406232836E14,37.121,-58.21600000000001,14.511372722876702,276.0,113770.24697761008,1.0,13307.25,0.1745997605825451,-0.5427538632462454
3.0023406232836E14,36.996,-58.16500000000002,16.62309479471423,276.0,162497.82097178386,1.0,13307.5,0.26446146023579975,-0.6598661132333113
3.0023406232836E14,36.858,-58.08699999999999,16.62309479471423,276.0,189663.38539811887,1.0,13307.75,0.3632619982755113,-0.7459863300612741
3.0023406232836E14,36.706,-57.999000000000024,16.62309479471423,276.0,207892.87512457577,1.0,13308.0,0.46190599301921215,-0.783453494592493
3.0023406232836E14,36.556,-57.853999999999985,16.62309479471423,276.0,212929.59572850546,1.0,13308.25,0.5516114571191884,-0.7506308540398922
3.0023406232836E14,36.407,-57.73200000000003,11.492383868021276,276.0,141631.9250120363,1.0,13308.5,0.6413884887084141,-0.6259716033468797
3.0023406232836E14,36.311,-57.56099999999998,7.395049485870882,276.0,84606.2287495209,1.0,13308.75,0.7185687085814308,-0.41939948605179744
3.0023406232836E14,36.239,-57.38299999999998,5.221817620852507,276.0,55909.48896551081,1.0,13309.0,0.7644706384400638,-0.14780397585519844
3.0023406232836E14,36.254,-57.20600000000002,4.232316400808949,276.0,43968.06416096084,1.0,13309.25,0.7400228949144985,0.15206044562145316
3.0023406232836E14,36.302,-57.01299999999998,4.151204131538708,276.0,42398.26105210918,1.0,13309.5,0.5913454762918428,0.4494235592328763
3.0023406232836E14,36.414,-56.91199999999998,4.151204131538708,276.0,43089.84667477943,1.0,13309.75,0.326533074651599,0.6805815687150043
3.0023406232836E14,36.566,-56.858000000000004,4.151204131538708,276.0,44768.442259455485,1.0,13310.0,-0.04591104086628822,0.7829221697055136
3.0023406232836E14,36.732,-56.911,4.151204131538708,276.0,48606.26230101063,1.0,13310.25,-0.45584000918141915,0.7192084769888358
3.0023406232836E14,36.852,-57.08100000000002,4.590302141209379,276.0,57706.49400338352,1.0,13310.5,-0.7561993210137864,0.5137667484320136
3.0023406232836E14,36.933,-57.32900000000001,4.590302141209379,276.0,60829.79593681272,1.0,13310.75,-0.9255305630024867,0.2685295217782958
3.0023406232836E14,36.949,-57.53399999999999,4.590302141209379,276.0,60300.88250141509,1.0,13311.0,-0.9541983046262188,0.046264816998718136
3.0023406232836E14,36.937,-57.785000000000025,4.590302141209379,276.0,56096.899108545826,1.0,13311.25,-0.8791396728556847,-0.13012357701251354
3.0023406232836E14,36.9,-57.96199999999999,4.933100643477114,276.0,54441.37315070282,1.0,13311.5,-0.7407428153284824,-0.30886217505179314
3.0023406232836E14,36.823,-58.12299999999999,5.039838170343377,276.0,50486.68183516237,1.0,13311.75,-0.4999150519989365,-0.5298956369722421
3.0023406232836E14,36.71,-58.21300000000002,4.9882015404255675,276.0,54199.52211933022,1.0,13312.0,-0.1564852158055275,-0.7745143870227849
3.0023406232836E14,36.534,-58.214999999999975,4.3358158120664045,276.0,57655.76105451623,1.0,13312.25,0.2460843577296584,-0.9351904445797925
3.0023406232836E14,36.324,-58.10000000000002,3.808313721022909,276.0,53353.48160563011,1.0,13312.5,0.5728314519514417,-0.8425272459727715
3.0023406232836E14,36.164,-57.903999999999996,3.6027926456261867,276.0,47397.72953367423,1.0,13312.75,0.7535404673687989,-0.5894811275611737
3.0023406232836E14,36.091,-57.71800000000002,3.6027926456261867,276.0,39563.2099806826,1.0,13313.0,0.7638262745251398,-0.2330220849448744
3.0023406232836E14,36.089,-57.54199999999997,3.6491092030393637,276.0,33056.75108778032,1.0,13313.25,0.6484864234286764,0.11599354795107895
3.0023406232836E14,36.132,-57.41399999999999,3.6491092030393637,276.0,30682.788693636212,1.0,13313.5,0.47720966527115705,0.3823148854987026
3.0023406232836E14,36.241,-57.32600000000002,3.6491092030393637,276.0,29958.17415678477,1.0,13313.75,0.24659225103752125,0.5437228542322643
3.0023406232836E14,36.354,-57.283000000000015,3.6491092030393637,276.0,29416.87704244716,1.0,13314.0,-0.00512893577967119,0.5862180806966104
3.0023406232836E14,36.458,-57.329999999999984,3.65478008846343,276.0,29100.603934153394,1.0,13314.25,-0.24042652758168595,0.526763514483918
3.0023406232836E14,36.565,-57.41899999999998,3.7026578504102154,276.0,29499.76500949022,1.0,13314.5,-0.44044465357383183,0.3764325189739975
3.0023406232836E14,36.615,-57.523000000000025,3.7026578504102154,276.0,31851.15645232225,1.0,13314.75,-0.5968885602000679,0.1872569879832913
3.0023406232836E14,36.626,-57.696000000000026,3.8078785193197815,276.0,35133.61667390437,1.0,13315.0,-0.6707702025548047,-0.01654916973275352
3.0023406232836E14,36.609,-57.86200000000002,4.1080776729115644,276.0,37612.88575235835,1.0,13315.25,-0.6233523427906844,-0.2340150175713807
3.0023406232836E14,36.541,-57.999000000000024,4.387152468388198,276.0,39365.474230899905,1.0,13315.5,-0.44353451142855116,-0.47861195743321394
3.0023406232836E14,36.43,-58.077999999999975,4.699210065071427,276.0,46624.4276182043,1.0,13315.75,-0.17576106215695714,-0.6997960539272141
3.0023406232836E14,36.268,-58.081999999999994,4.945195516630805,276.0,59044.911563386,1.0,13316.0,0.143505143858137,-0.8563497912465186
3.0023406232836E14,36.098,-58.024,4.678132941606404,276.0,63642.42810563392,1.0,13316.25,0.4389427962647396,-0.8866223224867632
3.0023406232836E14,35.919,-57.86099999999999,4.362144058326094,276.0,56162.6443067042,1.0,13316.5,0.5995197668605339,-0.7191858405093423
3.0023406232836E14,35.782,-57.70100000000002,4.362144058326094,276.0,47354.67972362678,1.0,13316.75,0.6497571093429643,-0.4483967216894403
3.0023406232836E14,35.75,-57.55500000000001,4.209656093158763,276.0,35087.214405456325,1.0,13317.0,0.5925574893541782,-0.1275681394573735
3.0023406232836E14,35.745,-57.41699999999997,4.209656093158763,276.0,28662.546832231073,1.0,13317.25,0.4596234883982521,0.18416555370328225
3.0023406232836E14,35.811,-57.341999999999985,4.209656093158763,276.0,31147.00191983927,1.0,13317.5,0.2749307527007053,0.4625239220112326
3.0023406232836E14,35.926,-57.295000000000016,4.209656093158763,276.0,39038.501728370175,1.0,13317.75,0.0120531193769026,0.6742846536263722
3.0023406232836E14,36.068,-57.317999999999984,4.376696495816869,276.0,50139.68011719136,1.0,13318.0,-0.3064335071381418,0.7747046412851876
3.0023406295644E14,37.39,-28.894999999999982,19.416738914512788,101.0,46922.025082612396,1.0,13622.0,0.17544583245921777,-0.010135724063921617
3.0023406295644E14,37.38,-28.88499999999999,10.341636308492843,101.0,24884.694744147542,1.0,13622.25,0.1645432409708644,-0.059552087279747305
3.0023406295644E14,37.383,-28.812999999999988,10.341636308492843,101.0,24598.798797704098,1.0,13622.5,0.1414115890976945,-0.09961995968881512
3.0023406295644E14,37.333,-28.80000000000001,10.341636308492843,101.0,24330.87562430393,1.0,13622.75,0.11908542840670815,-0.12284866251054692
3.0023406295644E14,37.335,-28.779999999999973,10.341636308492843,101.0,24817.542696664834,1.0,13623.0,0.10118184883956731,-0.1421904456091201
3.0023406295644E14,37.294,-28.73399999999998,10.475732103292522,101.0,24553.64776039317,1.0,13623.25,0.07241955753039478,-0.15430071807184462
3.0023406295644E14,37.256,-28.732000000000028,14.713239487382467,101.0,34407.35115770077,1.0,13623.5,0.06741737739137113,-0.15612885084598882
3.0023406295644E14,37.227,-28.720000000000027,23.0664375012062,101.0,58973.30692241971,1.0,13623.75,0.08110185613540352,-0.1673054650835925
3.0023406295644E14,37.205,-28.687000000000012,29.42797331212531,101.0,86331.51169028354,1.0,13624.0,0.08868435024569624,-0.19403513652884574
3.0023406295644E14,37.15,-28.658000000000015,44.84064866665627,101.0,130760.53053924153,1.0,13624.25,0.08454584753861322,-0.1944838317388884
3.0023406295644E14,37.101,-28.666999999999973,61.58320605972538,101.0,184481.43696658444,1.0,13624.5,0.07955117929114053,-0.20280532689374803
3.0023406295644E14,37.085,-28.625999999999976,61.58320605972538,101.0,192846.5578989533,1.0,13624.75,0.0649254169783733,-0.2182763450470141
3.0023406295644E14,37.017,-28.613,61.58320605972538,101.0,192523.99026810713,1.0,13625.0,0.05082755654879171,-0.22159216775236165
3.0023406295644E14,36.977,-28.625,61.58320605972538,101.0,183501.10169249447,1.0,13625.25,0.06614275949836183,-0.20635037683684185
3.0023406295644E14,36.956,-28.589999999999975,54.50953290737,101.0,151494.4019723855,1.0,13625.5,0.06422675694108024,-0.1916346428901413
3.0023406295644E14,36.907,-28.577999999999975,44.62580817898343,101.0,108750.10818604253,1.0,13625.75,0.04195845523742768,-0.1721800862515973
3.0023406295644E14,36.88,-28.567999999999984,42.38071736425477,101.0,89261.01431415195,1.0,13626.0,0.018365791357617046,-0.15205994291578084
3.0023406295644E14,36.851,-28.586000000000013,40.971330103046256,101.0,87868.02677674143,1.0,13626.25,0.02295948190105588,-0.15426211248632835
3.0023406295644E14,36.833,-28.562000000000012,39.67426967496449,101.0,86507.87694982493,1.0,13626.5,0.0143197186981391,-0.15791910115329516
3.0023406295644E14,36.786,-28.562000000000012,39.67426967496449,101.0,84812.61342953282,1.0,13626.75,-0.001316275362222924,-0.15545405780696414
3.0023406295644E14,36.767,-28.569999999999993,40.26391690301062,101.0,83044.08379218407,1.0,13627.0,-0.006796895769510651,-0.14983470712095825
3.0023406295644E14,36.733,-28.574000000000012,41.60046760656484,101.0,91741.93335154749,1.0,13627.25,0.009497857030373525,-0.1600931871261809
3.0023406295644E14,36.707,-28.562000000000012,41.60046760656484,101.0,102641.38616340798,1.0,13627.5,0.019625263083029088,-0.1783515818448351
3.0023406295644E14,36.667,-28.562999999999988,41.60046760656484,101.0,110552.6278721776,1.0,13627.75,0.013760007581710247,-0.1927672983172331
3.0023406295644E14,36.628,-28.548000000000002,40.26391690301062,101.0,103005.6741686806,1.0,13628.0,-0.007885850311313464,-0.18587490315326924
3.0023406295644E14,36.587,-28.564999999999998,40.26391690301062,101.0,90474.03920765732,1.0,13628.25,-0.011111400478811657,-0.1630300767711462
3.0023406295644E14,36.57,-28.577999999999975,43.8018110906084,101.0,95401.41328425672,1.0,13628.5,-0.01627632600204901,-0.15755190028744398
3.0023406295644E14,36.538,-28.569000000000017,49.28578856394855,101.0,112639.9451331157,1.0,13628.75,-0.02955726937864108,-0.16355289382801638
3.0023406295644E14,36.498,-28.579999999999984,91.31048238736463,101.0,207668.17468735407,1.0,13629.0,-0.041548206390443085,-0.16008865685506685
3.0023406295644E14,36.469,-28.600000000000023,1306.4556339797418,101.0,2458871.4873008216,1.0,13629.25,-0.010244440458531382,-0.13648576518515462
3.0023406295644E14,36.445,-28.605999999999995,1306.4556339797418,101.0,2348176.0365036232,1.0,13629.5,0.025520037499531825,-0.12819245060110182
3.0023406295644E14,36.429,-28.579000000000008,1306.4556339797418,101.0,2595318.1494379886,1.0,13629.75,0.05287180938153193,-0.1344420039233557
3.0023406295644E14,36.385,-28.576000000000022,1306.4556339797418,101.0,2871012.448921327,1.0,13630.0,0.06224671674145746,-0.14718996657199493
3.0023406295644E14,36.375,-28.56099999999998,47.22157387252786,101.0,105782.58680353158,1.0,13630.25,0.04788717508542731,-0.1557097362128569
3.0023406295644E14,36.327,-28.535000000000025,19.211332948700758,101.0,40478.17953741539,1.0,13630.5,0.025638815129107692,-0.15106471619652143
3.0023406295644E14,36.305,-28.550999999999988,18.95852867294639,101.0,36942.395031142696,1.0,13630.75,0.006390000149844836,-0.14156129974611983
3.0023406295644E14,36.284,-28.54000000000002,18.95852867294639,101.0,37452.497940116686,1.0,13631.0,-0.009071124825471186,-0.14337545378079614
3.0023406295644E14,36.249,-28.545000000000016,18.95852867294639,101.0,41119.75917011556,1.0,13631.25,-0.03198715411240628,-0.15445166781329608
3.0023406295644E14,36.223,-28.552999999999997,18.95852867294639,101.0,41320.87313622313,1.0,13631.5,-0.04283617725273168,-0.1526024601600604
3.0023406295644E14,36.18,-28.569000000000017,21.78049396443021,101.0,44658.65352378908,1.0,13631.75,-0.04045289692969957,-0.14351680813642614
3.0023406295644E14,36.177,-28.581999999999994,21.78049396443021,101.0,41885.92421338847,1.0,13632.0,-0.03571145200548281,-0.13521493232480666
3.0023406295644E14,36.132,-28.565999999999974,21.78049396443021,101.0,34909.976121745596,1.0,13632.25,-0.04149979450247082,-0.10892153789999093
3.0023406295644E14,36.108,-28.60899999999998,21.78049396443021,101.0,30256.80755139152,1.0,13632.5,-0.03745192528530749,-0.09382461414959473
3.0023406295644E14,36.107,-28.598000000000013,19.992765693426552,101.0,27802.225190916663,1.0,13632.75,-0.03542847121274323,-0.09471938122933303
3.0023406295644E14,36.075,-28.60899999999998,16.70475342071877,101.0,24385.893963110382,1.0,13633.0,-0.04702260037983212,-0.09517888059411304
3.0023406295644E14,36.054,-28.622000000000014,14.019379167076668,101.0,18526.194078223016,1.0,13633.25,-0.06266504752783678,-0.07285814208746792
3.0023406295644E14,36.047,-28.651999999999987,13.78085908231343,101.0,19582.633713916282,1.0,13633.5,-0.08308352703519555,-0.06144845963455347
3.0023406295644E14,36.043,-28.658000000000015,13.78085908231343,101.0,22447.28326648253,1.0,13633.75,-0.10500409285230727,-0.054824647614756826
3.0023406364893E14,34.001,-65.88999999999999,49.53998293218152,136.0,86740.26745494662,1.0,13958.75,-0.09956555599304613,-0.07937033888039015
3.0023406364893E14,33.984,-65.91899999999998,47.379941985753646,136.0,87122.76247034977,1.0,13959.0,-0.09414073827995066,-0.09496907699277612
3.0023406364893E14,33.967,-65.93,47.379941985753646,136.0,104742.05535378282,1.0,13959.25,-0.1090382134736632,-0.11813633925669763
3.0023406364893E14,33.939,-65.957,43.97776858059111,136.0,120566.60385116353,1.0,13959.5,-0.1357316141763231,-0.14603203148101063
3.0023406364893E14,33.912,-66.00299999999999,37.87448131803972,136.0,112897.82774988475,1.0,13959.75,-0.13927140979779373,-0.16611433137108
3.0023406364893E14,33.868,-66.03500000000003,34.35048268164714,136.0,104127.78825032857,1.0,13960.0,-0.1322105617928615,-0.17639810697196315
3.0023406364893E14,33.844,-66.06799999999998,34.35048268164714,136.0,99323.48262661479,1.0,13960.25,-0.1198626451783735,-0.17276582128929074
3.0023406364893E14,33.8,-66.08100000000002,34.35048268164714,136.0,91669.37651815773,1.0,13960.5,-0.11300218086012678,-0.1577768208894639
3.0023406364893E14,33.771,-66.12099999999998,27.139337998520894,136.0,69844.29422487335,1.0,13960.75,-0.10408633647672062,-0.15553920363788112
3.0023406364893E14,33.757,-66.14299999999997,24.185950630676384,136.0,67790.91339017064,1.0,13961.0,-0.10332661508331009,-0.17570285566226343
3.0023406364893E14,33.711,-66.156,23.861758077046545,136.0,77661.87778212046,1.0,13961.25,-0.10152920426242149,-0.2138032424395776
3.0023406364893E14,33.663,-66.195,22.44255321989647,136.0,82831.60888801116,1.0,13961.5,-0.07841510348747412,-0.25669457014902275
3.0023406364893E14,33.616,-66.21199999999999,21.37469217455271,136.0,88416.75532651659,1.0,13961.75,-0.023533718176059405,-0.29989396046096783
3.0023406364893E14,33.558,-66.20600000000002,19.3614354184299,136.0,80665.65220364723,1.0,13962.0,0.007976096920746054,-0.3028772711545205
3.0023406364893E14,33.482,-66.185,16.785070546753765,136.0,61438.45226184125,1.0,13962.25,0.019809039190361147,-0.2654466795664734
3.0023406364893E14,33.446,-66.202,14.66433834004433,136.0,45298.14943224536,1.0,13962.5,0.03135932154650929,-0.22243882484624017
3.0023406364893E14,33.424,-66.18799999999999,14.390819215949774,136.0,46246.89613875769,1.0,13962.75,0.062241950176173635,-0.22526153257037385
3.0023406364893E14,33.363,-66.16399999999999,14.086017412804052,136.0,46292.57860145533,1.0,13963.0,0.09433337465593873,-0.21959040526143955
3.0023406364893E14,33.321,-66.14299999999997,13.027971199608327,136.0,45127.316816527265,1.0,13963.25,0.12973639774785103,-0.21592192098675908
3.0023406364893E14,33.289,-66.10700000000003,13.027971199608327,136.0,49022.8040640741,1.0,13963.5,0.16369372739939198,-0.21928506225214114
3.0023406364893E14,33.244,-66.05399999999997,13.642152958689111,136.0,56305.20655891274,1.0,13963.75,0.20046004896633648,-0.22338993092399123
3.0023406364893E14,33.19,-66.019,14.163051686297463,136.0,66259.14331240999,1.0,13964.0,0.2631652417999215,-0.21561813089182566
3.0023406364893E14,33.154,-65.952,14.97167657514931,136.0,81092.24924987719,1.0,13964.25,0.3394745753580487,-0.199765868838003
3.0023406364893E14,33.121,-65.84899999999999,15.709657607489971,136.0,95586.15172278658,1.0,13964.5,0.40424462965421004,-0.1799319184985274
3.0023406364893E14,33.077,-65.75200000000001,15.347132772484285,136.0,99648.336695357,1.0,13964.75,0.4448126951574239,-0.15842031489676642
3.0023406364893E14,33.063,-65.65100000000001,14.821714788541593,136.0,102644.7844423964,1.0,13965.0,0.48664384034094627,-0.12966393810153423
3.0023406364893E14,33.033,-65.541,14.821714788541593,136.0,106700.55378803727,1.0,13965.25,0.5167469698925062,-0.08394706469583173
3.0023406364893E14,33.015,-65.40300000000002,14.451870682898207,136.0,103387.57918035214,1.0,13965.5,0.5199837602638185,-0.01657945427434092
3.0023406364893E14,33.028,-65.29199999999997,11.909384289332209,136.0,80577.23207753662,1.0,13965.75,0.4895892884255927,0.04891982700640265
3.0023406364893E14,33.051,-65.18299999999999,10.076424755422009,136.0,63447.7725118763,1.0,13966.0,0.44192686080443533,0.1199094237948303
3.0023406364893E14,33.072,-65.08800000000002,8.648563078790914,136.0,50498.95385099792,1.0,13966.25,0.37766902179301937,0.19409189038500904
3.0023406364893E14,33.12,-65.01499999999999,7.476671762122634,136.0,40684.211458719445,1.0,13966.5,0.29685955600714786,0.2616593802890594
3.0023406364893E14,33.18,-64.94099999999997,7.476671762122634,136.0,36468.13211349417,1.0,13966.75,0.19238853826124516,0.2980010346091192
3.0023406364893E14,33.245,-64.91699999999997,7.476671762122634,136.0,34303.88848347201,1.0,13967.0,0.09818151356701091,0.31888533499570465
3.0023406364893E14,33.302,-64.904,7.476671762122634,136.0,33568.305732184934,1.0,13967.25,0.023264023723585697,0.3256731830827097
3.0023406364893E14,33.368,-64.91199999999998,7.731525887078619,136.0,34362.26492592948,1.0,13967.5,-0.03201700565879924,0.3216187295222462
3.0023406364893E14,33.434,-64.90800000000002,9.701683465790712,136.0,42189.26437364252,1.0,13967.75,-0.07852295168013866,0.30633936607954565
3.0023406364893E14,33.486,-64.94600000000003,11.729899486209531,136.0,50003.59502449591,1.0,13968.0,-0.10167172473691269,0.2928615588543082
3.0023406364893E14,33.548,-64.96699999999998,11.750411456159245,136.0,49841.21068061842,1.0,13968.25,-0.11094845861910799,0.2878180492307174
3.0023406364893E14,33.596,-64.99000000000001,11.750411456159245,136.0,51256.00553523986,1.0,13968.5,-0.1224375737419327,0.29263679529949027
3.0023406364893E14,33.656,-65.02199999999999,11.750411456159245,136.0,52926.08768541699,1.0,13968.75,-0.1493799548728016,0.29150852565058527
3.0023406364893E14,33.72,-65.06400000000002,11.750411456159245,136.0,54775.77361918891,1.0,13969.0,-0.19679004095904776,0.2760356340035078
3.0023406364893E14,33.766,-65.108,9.665733120306783,136.0,47719.93278271509,1.0,13969.25,-0.2639042853508505,0.24342824953041758
3.0023406364893E14,33.812,-65.185,8.65922925898458,136.0,46001.078359396284,1.0,13969.5,-0.333281816289038,0.19537571767778394
3.0023406364893E14,33.844,-65.27300000000002,8.591216870877041,136.0,47862.19081290041,1.0,13969.75,-0.38151563397662236,0.13632096111382005
3.0023406364893E14,33.861,-65.36500000000001,8.548094629554988,136.0,49601.545687501646,1.0,13970.0,-0.4174140447190458,0.06190925815676085
3.0023406364893E14,33.869,-65.46300000000002,8.495851412684607,136.0,50564.34033540871,1.0,13970.25,-0.43199000294882955,-0.026731037543678362
3.0023406364893E14,33.852,-65.56900000000002,8.400203336014657,136.0,50439.67149112481,1.0,13970.5,-0.4194177913040942,-0.12151217307073013
3.0023406394095E14,36.727,-43.728999999999985,29.850823539234113,112.0,108605.1018744692,1.0,14404.75,-0.21639819657105586,0.15223459448479254
3.0023406394095E14,36.751,-43.79399999999998,25.374888078377044,112.0,95096.31469741638,1.0,14405.0,-0.22873698203421053,0.14817516663023605
3.0023406394095E14,36.786,-43.853999999999985,22.126815656312402,112.0,82265.42454335986,1.0,14405.25,-0.23744577927784688,0.12931154491628666
3.0023406394095E14,36.821,-43.896000000000015,19.322703197256544,112.0,73508.20814933618,1.0,14405.5,-0.2541643191902113,0.10925621897052998
3.0023406394095E14,36.821,-43.97199999999998,19.322703197256544,112.0,76166.13074867046,1.0,14405.75,-0.2729556387790479,0.08755878684831814
3.0023406394095E14,36.858,-44.03800000000001,19.322703197256544,112.0,78969.27760298656,1.0,14406.0,-0.29086924392379676,0.06104109765579816
3.0023406394095E14,36.851,-44.10500000000002,19.322703197256544,112.0,83123.54385922417,1.0,14406.25,-0.31045511748435173,0.0385550632101007
3.0023406394095E14,36.858,-44.18799999999999,19.407393410549783,112.0,86916.67395495344,1.0,14406.5,-0.32553560908699264,0.009968274822852343
3.0023406394095E14,36.858,-44.264999999999986,20.8832653427996,112.0,96642.30599887895,1.0,14406.75,-0.3352921150701718,-0.0289394069409965
3.0023406394095E14,36.85,-44.35000000000002,22.108771206680938,112.0,106024.63195964145,1.0,14407.0,-0.34190362358064386,-0.06873978196621697
3.0023406394095E14,36.829,-44.43000000000001,22.647269775140536,112.0,111567.5966782026,1.0,14407.25,-0.34925917087037717,-0.07976443777161751
3.0023406394095E14,36.805,-44.51400000000001,22.684071688381614,112.0,110592.4795612349,1.0,14407.5,-0.3434183911428962,-0.08812256526299275
3.0023406394095E14,36.797,-44.603999999999985,22.684071688381614,112.0,107109.37873440741,1.0,14407.75,-0.32687935436312165,-0.10515901813344981
3.0023406394095E14,36.775,-44.66699999999997,22.684071688381614,112.0,103726.672181039,1.0,14408.0,-0.306170467167312,-0.1297622949357481
3.0023406394095E14,36.736,-44.74599999999998,22.89677024350638,112.0,95969.06471927877,1.0,14408.25,-0.2738251810254859,-0.13388920137359347
3.0023406394095E14,36.711,-44.81400000000002,22.89677024350638,112.0,89122.49846394874,1.0,14408.5,-0.23897538379478744,-0.1517036795667048
3.0023406394095E14,36.692,-44.867999999999995,22.89677024350638,112.0,88426.36704913137,1.0,14408.75,-0.2211340117845393,-0.1731363635027418
3.0023406394095E14,36.639,-44.899,36.16027931316356,112.0,141266.35527790288,1.0,14409.0,-0.2248950649245462,-0.1735963987815743
3.0023406394095E14,36.606,-44.98599999999999,87.97297639658795,112.0,315349.98025360476,1.0,14409.25,-0.2112189823636556,-0.15277830254605956
3.0023406394095E14,36.599,-45.02600000000001,87.97297639658795,112.0,294693.93285547727,1.0,14409.5,-0.20431114948615986,-0.1326682034989323
3.0023406394095E14,36.561,-45.065999999999974,87.97297639658795,112.0,269279.3062997812,1.0,14409.75,-0.1945318959469068,-0.10819834996573885
3.0023406394095E14,36.538,-45.12900000000002,87.97297639658795,112.0,228467.53075398825,1.0,14410.0,-0.1661449530290477,-0.08980075018981593
3.0023406394095E14,36.54,-45.16399999999999,28.594765929395468,112.0,68226.81625971802,1.0,14410.25,-0.12944496120831078,-0.1155471028524434
3.0023406394095E14,36.514,-45.172000000000025,15.17775344350474,112.0,34675.373611449504,1.0,14410.5,-0.10850768724257034,-0.12581450675642616
3.0023406394095E14,36.474,-45.19799999999998,10.182757888519882,112.0,19887.511197082462,1.0,14410.75,-0.08489484394154696,-0.11386608219127513
3.0023406394095E14,36.468,-45.23700000000002,6.965745085817801,112.0,10299.271923793565,1.0,14411.0,-0.03966066705493215,-0.0999421033413338
3.0023406394095E14,36.453,-45.21800000000002,6.8955140628657015,112.0,10714.27830451361,1.0,14411.25,9.139965922200979E-4,-0.11299212917900073
3.0023406394095E14,36.419,-45.209,6.8955140628657015,112.0,12054.09772362845,1.0,14411.5,0.04303416044127813,-0.11962050937282831
3.0023406394095E14,36.4,-45.202999999999975,6.8955140628657015,112.0,14369.813698908765,1.0,14411.75,0.09214441350198202,-0.1203172733871388
3.0023406394095E14,36.377,-45.16699999999997,6.8955140628657015,112.0,17785.40196029849,1.0,14412.0,0.14813602016114805,-0.11505733099625547
3.0023406394095E14,36.353,-45.125,9.35439559247732,112.0,29909.72249756475,1.0,14412.25,0.2056282084401017,-0.10855046564056414
3.0023406394095E14,36.334,-45.072,13.416238217802,112.0,52085.95332014364,1.0,14412.5,0.2629862598833042,-0.10270380765679482
3.0023406394095E14,36.318,-45.0,17.53308504342485,112.0,79512.2979938608,1.0,14412.75,0.31664952917131767,-0.09217824217042342
3.0023406394095E14,36.294,-44.91399999999999,19.111160168454965,112.0,98531.44901459056,1.0,14413.0,0.36849213992468827,-0.06919881658895673
3.0023406394095E14,36.285,-44.827999999999975,21.91389332583253,112.0,129753.58853804471,1.0,14413.25,0.4283469600406017,-0.04391304375412118
3.0023406394095E14,36.289,-44.718999999999994,24.7882656507706,112.0,158368.7062705823,1.0,14413.5,0.46441872638143855,-0.013360163025832754
3.0023406394095E14,36.284,-44.59100000000001,24.7882656507706,112.0,162984.32770538257,1.0,14413.75,0.4772441873743626,0.029447678997784922
3.0023406394095E14,36.283,-44.492999999999995,24.7882656507706,112.0,164903.5501024915,1.0,14414.0,0.47857935371059257,0.07076108918656007
3.0023406394095E14,36.32,-44.38299999999998,24.7882656507706,112.0,157916.2125447846,1.0,14414.25,0.4603509177662297,0.05204330825776655
3.0023406394095E14,36.335,-44.25799999999998,21.889263744913183,112.0,114776.99982734543,1.0,14414.5,0.3786518928897319,0.045031741574145856
3.0023406394095E14,36.329,-44.16699999999997,17.44762259776552,112.0,66859.97163743312,1.0,14414.75,0.26782551050948344,0.07699709435402968
3.0023406394095E14,36.339,-44.153999999999996,14.271723669197506,112.0,45400.59894638886,1.0,14415.0,0.18847210360272335,0.1341513958018917
3.0023406394095E14,36.408,-44.103999999999985,14.271723669197506,112.0,38312.842604848825,1.0,14415.25,0.14205135250755765,0.1339177936461395
3.0023406394095E14,36.419,-44.04399999999998,14.271723669197506,112.0,35733.35736599755,1.0,14415.5,0.10438805183916594,0.14918597719814927
3.0023406394095E14,36.439,-44.041,14.271723669197506,112.0,37779.51602552603,1.0,14415.75,0.09314909388917539,0.16846992771453398
3.0023406394095E14,36.495,-44.035000000000025,14.099702591549217,112.0,37808.964616200625,1.0,14416.0,0.09896878802876169,0.1680269075185311
3.0023406394095E14,36.532,-43.96800000000002,13.856586477468618,112.0,33535.36113845039,1.0,14416.25,0.06594134862624842,0.16318016277069008
3.0023406394095E14,36.519,-43.97199999999998,13.856586477468618,112.0,33411.713344697506,1.0,14416.5,0.053945894441037305,0.16684683379777232
3.0023406394274E14,35.25,-61.33100000000002,10.021388596545048,143.0,73322.02612743473,1.0,14338.5,-0.409885071481468,0.33926067820889017
3.0023406394274E14,35.316,-61.44799999999998,8.130315272730739,143.0,56725.3314879448,1.0,14338.75,-0.4478318817654204,0.23850358445013836
3.0023406394274E14,35.349,-61.54899999999998,6.7178766357664355,143.0,46200.108217581525,1.0,14339.0,-0.4860486144181041,0.11781369506724809
3.0023406394274E14,35.353,-61.66399999999999,6.291661935596963,143.0,45700.318307912115,1.0,14339.25,-0.5270111130745454,-0.035808491485490354
3.0023406394274E14,35.34,-61.803999999999974,6.095423903000784,143.0,50528.348257772675,1.0,14339.5,-0.5485166662357301,-0.250075163261644
3.0023406394274E14,35.275,-61.928999999999974,5.774253710453948,143.0,55725.34782699481,1.0,14339.75,-0.5238237746409138,-0.46706944574041986
3.0023406394274E14,35.159,-62.045000000000016,5.590473004984711,143.0,59265.62714499047,1.0,14340.0,-0.42194850464253364,-0.645219035610689
3.0023406394274E14,35.005,-62.141999999999996,5.590473004984711,143.0,60133.01425076439,1.0,14340.25,-0.22286552451932454,-0.7498024254809794
3.0023406394274E14,34.874,-62.166,5.590473004984711,143.0,61167.442014012435,1.0,14340.5,0.04328476521818919,-0.7945007758005522
3.0023406394274E14,34.712,-62.105999999999995,5.590473004984711,143.0,62538.74510311428,1.0,14340.75,0.30262688316691455,-0.7551338863217884
3.0023406394274E14,34.568,-62.014999999999986,5.467937378512215,143.0,61278.16361623218,1.0,14341.0,0.5160142621036008,-0.6308136940203355
3.0023406394274E14,34.471,-61.867999999999995,5.323360101060348,143.0,57318.26417609998,1.0,14341.25,0.6496833136221996,-0.4370734472879395
3.0023406394274E14,34.395,-61.702,4.992669260348563,143.0,48994.33001372872,1.0,14341.5,0.6848164619362815,-0.200769485960904
3.0023406394274E14,34.388,-61.547000000000025,4.417089599126924,143.0,38143.825136093816,1.0,14341.75,0.6270816317735379,0.033803361637037434
3.0023406394274E14,34.418,-61.40100000000001,4.1488282537734955,143.0,31139.63813377837,1.0,14342.0,0.4891680276167545,0.2421583746032793
3.0023406394274E14,34.474,-61.317999999999984,4.1488282537734955,143.0,28832.160511249607,1.0,14342.25,0.3020727723798521,0.40516756417798894
3.0023406394274E14,34.573,-61.266999999999996,4.1488282537734955,143.0,28464.312010302383,1.0,14342.5,0.09377899597666536,0.49003942865845884
3.0023406394274E14,34.683,-61.264999999999986,4.1488282537734955,143.0,29554.504125827516,1.0,14342.75,-0.1113952521924621,0.5059227594494786
3.0023406394274E14,34.775,-61.315,4.115699098646163,143.0,30879.462896722976,1.0,14343.0,-0.2789748210174062,0.4689103645468033
3.0023406394274E14,34.854,-61.40499999999997,4.34731853861616,143.0,33052.22767362036,1.0,14343.25,-0.3820129176477142,0.3997034691476499
3.0023406394274E14,34.928,-61.50400000000002,4.746895192009456,143.0,33077.06191137349,1.0,14343.5,-0.4144914595435768,0.29151355892006947
3.0023406394274E14,34.974,-61.608000000000004,5.109630434606763,143.0,32064.2881359873,1.0,14343.75,-0.4386523454885566,0.1258555456131386
3.0023406394274E14,34.992,-61.704999999999984,5.116544844102282,143.0,33935.908010571366,1.0,14344.0,-0.47718488074920073,-0.07029710092244114
3.0023406394274E14,34.946,-61.807000000000016,4.999733665285921,143.0,38831.98213921832,1.0,14344.25,-0.5102869097726512,-0.24213026127169116
3.0023406394274E14,34.866,-61.952999999999975,4.865896354056045,143.0,37165.4987826995,1.0,14344.5,-0.4281977934727725,-0.3537921552251931
3.0023406394274E14,34.815,-62.077,4.872166444305596,143.0,37108.77788842771,1.0,14344.75,-0.2922026783713976,-0.47053977714817363
3.0023406394274E14,34.716,-62.07600000000002,5.232844620239707,143.0,41195.292038382235,1.0,14345.0,-0.11083595784502316,-0.5616691341498028
3.0023406394274E14,34.568,-62.11099999999999,5.544818656876161,143.0,45494.58808850663,1.0,14345.25,0.10439541466908263,-0.5874723469434326
3.0023406394274E14,34.483,-62.06700000000001,5.544818656876161,143.0,48894.98264399533,1.0,14345.5,0.34715276011890245,-0.5391810913474112
3.0023406394274E14,34.374,-61.93299999999999,6.024047134901265,143.0,58675.07096123703,1.0,14345.75,0.553576891463511,-0.44189840381442663
3.0023406394274E14,34.296,-61.79399999999998,7.211929297798763,143.0,75996.00868526498,1.0,14346.0,0.6975732988006852,-0.317214587803964
3.0023406394274E14,34.268,-61.622000000000014,8.288486892964357,143.0,88873.72414525908,1.0,14346.25,0.7548563350332456,-0.19551675811561992
3.0023406394274E14,34.227,-61.416,8.874812485454282,143.0,87015.91881399928,1.0,14346.5,0.7106396226804488,-0.05829295495774643
3.0023406394274E14,34.204,-61.278999999999996,8.874812485454282,143.0,76989.98283337009,1.0,14346.75,0.6296769780934626,0.038810044025905106
3.0023406394274E14,34.245,-61.15100000000001,8.874812485454282,143.0,63277.811683574924,1.0,14347.0,0.5142123267246959,0.06663225416660944
3.0023406394274E14,34.269,-61.016999999999996,8.874812485454282,143.0,44705.98578648586,1.0,14347.25,0.3633074253345017,0.046962366845332684
3.0023406394274E14,34.232,-60.95600000000002,7.2089469906703005,143.0,23339.657572092012,1.0,14347.5,0.2191855270624573,0.08597601125484894
3.0023406394274E14,34.264,-60.959,5.700551558804526,143.0,12692.653921765632,1.0,14347.75,0.10900639559718978,0.11973235139779961
3.0023406394274E14,34.301,-60.91899999999998,5.700551558804526,143.0,12338.026887389906,1.0,14348.0,0.024690996562804643,0.15544774132626926
3.0023406394274E14,34.315,-60.92599999999999,5.700551558804526,143.0,15509.828292264967,1.0,14348.25,-0.05223452716454491,0.1908397631413036
3.0023406394274E14,34.364,-60.95400000000001,5.700551558804526,143.0,19177.700418910867,1.0,14348.5,-0.1274491224934769,0.2088312654785844
3.0023406394274E14,34.419,-60.992999999999995,6.434983476393858,143.0,26899.44793099041,1.0,14348.75,-0.217741535123935,0.21213137027370377
3.0023406394274E14,34.447,-61.04000000000002,8.946766149627917,143.0,46418.862932052245,1.0,14349.0,-0.31687386779932175,0.20482019253798275
3.0023406394274E14,34.487,-61.15100000000001,9.079534031540172,143.0,54936.85782747035,1.0,14349.25,-0.40014740677602,0.1830144027359458
3.0023406394274E14,34.532,-61.238,9.079534031540172,143.0,59067.409290430005,1.0,14349.5,-0.45432494340851,0.1319466568630288
3.0023406394274E14,34.537,-61.34800000000001,9.079534031540172,143.0,59457.53051551851,1.0,14349.75,-0.47201458235725813,0.06316331432289127
3.0023406394274E14,34.551,-61.468999999999994,9.079534031540172,143.0,56500.22418739634,1.0,14350.0,-0.45191582234941424,-0.023675849036351455
3.0023406394274E14,34.539,-61.559000000000026,7.268227693098223,143.0,42348.784213091756,1.0,14350.25,-0.40654866120045585,-0.11940050791892362
3.0023406394278E14,31.597,-58.74599999999998,14.774645971098206,111.75,77994.46638996649,1.0,14383.5,0.07611755356197955,0.3762734985337929
3.0023406394278E14,31.67,-58.72199999999998,9.892368071971243,111.75,46090.12608934466,1.0,14383.75,0.13419978257982834,0.3111139734378701
3.0023406394278E14,31.718,-58.67399999999998,9.325811438317558,111.75,40659.99982423413,1.0,14384.0,0.18760167970368186,0.25560743200982483
3.0023406394278E14,31.763,-58.632000000000005,9.325811438317558,111.75,42241.56080160861,1.0,14384.25,0.24244560001584808,0.22298524893645777
3.0023406394278E14,31.799,-58.577,9.325811438317558,111.75,45090.575922876225,1.0,14384.5,0.2991361394670767,0.18479576216224008
3.0023406394278E14,31.842,-58.50200000000001,9.325811438317558,111.75,48209.29558891157,1.0,14384.75,0.3490909657104504,0.139502717834836
3.0023406394278E14,31.858,-58.40699999999998,10.50789732430838,111.75,57194.01358567875,1.0,14385.0,0.3851613053787571,0.091249714889282
3.0023406394278E14,31.864,-58.32299999999998,11.84193691657243,111.75,68214.87715149832,1.0,14385.25,0.4156011957969346,0.05256095011477821
3.0023406394278E14,31.878,-58.23000000000002,12.57566096738196,111.75,75682.22034720451,1.0,14385.5,0.43764649438731296,0.0022454299662877496
3.0023406394278E14,31.875,-58.12700000000001,12.57566096738196,111.75,77465.66179831473,1.0,14385.75,0.4447511614626307,-0.05356741826296977
3.0023406394278E14,31.853,-58.019000000000005,12.57566096738196,111.75,76944.6100817296,1.0,14386.0,0.4324753496443413,-0.10463110971738268
3.0023406394278E14,31.827,-57.928,12.57566096738196,111.75,74718.18529703353,1.0,14386.25,0.4090469202574444,-0.13918173995747135
3.0023406394278E14,31.795,-57.839999999999975,12.148817940363752,111.75,70770.05798699702,1.0,14386.5,0.38063920669359436,-0.18593545693319605
3.0023406394278E14,31.763,-57.762,11.497896639253863,111.75,66298.45836017985,1.0,14386.75,0.3427180851649725,-0.24161559038348762
3.0023406394278E14,31.705,-57.673,10.77618207300664,111.75,61315.616686830814,1.0,14387.0,0.291405477152347,-0.29376683336576664
3.0023406394278E14,31.635,-57.624000000000024,10.77618207300664,111.75,58953.72900408094,1.0,14387.25,0.24082436767514265,-0.31667528190894256
3.0023406394278E14,31.572,-57.581999999999994,10.77618207300664,111.75,58668.97613290791,1.0,14387.5,0.18522769043161463,-0.34992140603801236
3.0023406394278E14,31.511,-57.543000000000006,10.77618207300664,111.75,60294.200837290235,1.0,14387.75,0.11932621323645384,-0.38899938644901194
3.0023406394278E14,31.423,-57.516999999999996,10.846862629867278,111.75,63561.912367068835,1.0,14388.0,0.04322406144174015,-0.423948738228499
3.0023406394278E14,31.33,-57.51999999999998,11.85397257918367,111.75,71275.78480760985,1.0,14388.25,-0.018558703249955517,-0.4368704769921459
3.0023406394278E14,31.25,-57.54599999999999,13.647091513088922,111.75,88297.39992587695,1.0,14388.5,-0.07114213101337485,-0.4651060475512311
3.0023406394278E14,31.162,-57.56,16.772871374772556,111.75,118816.90031934634,1.0,14388.75,-0.12035909965052907,-0.5008963457765683
3.0023406394278E14,31.059,-57.581999999999994,18.0315606304825,111.75,136523.33646621136,1.0,14389.0,-0.17067049737633477,-0.5234852640764759
3.0023406394278E14,30.942,-57.63799999999998,18.0315606304825,111.75,131466.22725560423,1.0,14389.25,-0.19953488519087414,-0.491230395949807
3.0023406394278E14,30.85,-57.69499999999999,18.0315606304825,111.75,125859.93859944065,1.0,14389.5,-0.2180272324322787,-0.458388870969187
3.0023406394278E14,30.774,-57.742999999999995,18.0315606304825,111.75,120368.28682105591,1.0,14389.75,-0.23710390853205612,-0.42360813852507334
3.0023406394278E14,30.695,-57.78800000000001,16.474070498764835,111.75,105979.02490149387,1.0,14390.0,-0.26932650383064316,-0.38252474055159846
3.0023406394278E14,30.613,-57.858000000000004,14.966259160869628,111.75,89649.48237350275,1.0,14390.25,-0.3101621004726313,-0.3058725207963008
3.0023406394278E14,30.563,-57.93299999999999,13.02197097654828,111.75,71626.4441205489,1.0,14390.5,-0.33067913101084556,-0.22506305218475137
3.0023406394278E14,30.522,-58.019000000000005,11.568930323700837,111.75,58231.264707771996,1.0,14390.75,-0.33378663744379583,-0.15024024154677443
3.0023406394278E14,30.517,-58.08800000000002,11.568930323700837,111.75,54686.24681304157,1.0,14391.0,-0.33088655224078894,-0.09318093159513977
3.0023406394278E14,30.491,-58.144000000000005,11.568930323700837,111.75,54167.19059601041,1.0,14391.25,-0.33887473355286735,-0.033165574008849535
3.0023406394278E14,30.476,-58.240999999999985,11.568930323700837,111.75,51363.66071944491,1.0,14391.5,-0.3226556514538427,0.011787337274804492
3.0023406394278E14,30.499,-58.31200000000001,12.58000173629261,111.75,51403.321595350644,1.0,14391.75,-0.2947605991815984,0.037612057423916
3.0023406394278E14,30.505,-58.36200000000002,15.507023891254237,111.75,58871.228643902345,1.0,14392.0,-0.271417295170109,0.05054564579336477
3.0023406394278E14,30.505,-58.41699999999997,16.795830591667873,111.75,63357.53720590223,1.0,14392.25,-0.2628081296530498,0.07864629677726967
3.0023406394278E14,30.524,-58.488999999999976,16.812935878037916,111.75,60857.7884912844,1.0,14392.5,-0.2435377740205915,0.09990222779578337
3.0023406394278E14,30.548,-58.53899999999999,17.331005478034232,111.75,59375.22860003581,1.0,14392.75,-0.22085749681905115,0.1152992043956522
3.0023406394278E14,30.574,-58.581999999999994,17.899656923124418,111.75,58180.77284681413,1.0,14393.0,-0.20067119200094216,0.12491616944231118
3.0023406394278E14,30.591,-58.62299999999999,18.153493865552,111.75,57958.77819987598,1.0,14393.25,-0.18599354232088122,0.13897493858619714
3.0023406394278E14,30.622,-58.66899999999998,18.589946575661223,111.75,55822.488947023434,1.0,14393.5,-0.16336652471085297,0.1449060359536132
3.0023406394278E14,30.65,-58.704999999999984,19.498081768092984,111.75,53257.28221704691,1.0,14393.75,-0.13862087468225018,0.14226614328082404
3.0023406394278E14,30.684,-58.72800000000001,21.83979962128947,111.75,54206.77314619002,1.0,14394.0,-0.11972509614827836,0.13507488637897236
3.0023406394278E14,30.697,-58.74799999999999,25.420483247235925,111.75,63069.790612199926,1.0,14394.25,-0.11074562281271183,0.14244169641119178
3.0023406394278E14,30.724,-58.78199999999998,28.87449088846294,111.75,65424.160234031915,1.0,14394.5,-0.09405313240853924,0.13529463117462023
3.0023406394278E14,30.759,-58.80500000000001,35.2424405171715,111.75,67266.15492835616,1.0,14394.75,-0.07762101364930206,0.11506982580073344
3.0023406394278E14,30.776,-58.80500000000001,47.5414636651013,111.75,73334.82725069801,1.0,14395.0,-0.06790225720776591,0.08929145821371526
3.0023406394278E14,30.775,-58.81999999999999,56.12434570630233,111.75,69156.11498870437,1.0,14395.25,-0.04610253545002357,0.07683813856523446
3.0023406394867E14,44.52,-40.06099999999998,13.436476684441153,114.25,116304.50756204753,1.0,14199.5,-0.3885493891598033,-0.49524330151087675
3.0023406394867E14,44.445,-40.17500000000001,13.436476684441153,114.25,102239.79848420197,1.0,14199.75,-0.4321842390716784,-0.3455634890651669
3.0023406394867E14,44.385,-40.30000000000001,12.791470677091935,114.25,93345.18734319936,1.0,14200.0,-0.47429779014329787,-0.23805286905661965
3.0023406394867E14,44.356,-40.42500000000001,11.75832816345624,114.25,90844.84375431717,1.0,14200.25,-0.5320986203575238,-0.18040822988406513
3.0023406394867E14,44.317,-40.57299999999998,11.75832816345624,114.25,89873.86082289284,1.0,14200.5,-0.5390945395246833,-0.13542927724479253
3.0023406394867E14,44.294,-40.75599999999997,12.001437518962101,114.25,81621.52158471767,1.0,14200.75,-0.48820754303619807,-0.07914474582579287
3.0023406394867E14,44.285,-40.846000000000004,12.001437518962101,114.25,71306.06748321149,1.0,14201.0,-0.43200682952551334,-0.007686403243024401
3.0023406394867E14,44.289,-40.959,12.001437518962101,114.25,68193.84694595866,1.0,14201.25,-0.4099722173482587,0.05168138888296496
3.0023406394867E14,44.304,-41.08800000000002,12.336973038835575,114.25,65818.53333341758,1.0,14201.5,-0.38501874575445144,0.047817683821146054
3.0023406394867E14,44.323,-41.17700000000002,12.336973038835575,114.25,62978.798907230936,1.0,14201.75,-0.37085973668839,0.016744117062028004
3.0023406394867E14,44.31,-41.28199999999998,12.336973038835575,114.25,63646.6760694926,1.0,14202.0,-0.37486900148168045,0.015135682527926145
3.0023406394867E14,44.321,-41.386000000000024,13.120439999316535,114.25,74271.23552197745,1.0,14202.25,-0.40068980663701,0.09440023522637823
3.0023406394867E14,44.35,-41.49200000000002,14.927690286725724,114.25,103475.79201802744,1.0,14202.5,-0.4339359621358729,0.2565369537435579
3.0023406394867E14,44.411,-41.61900000000003,22.056599816143194,114.25,183841.94612879027,1.0,14202.75,-0.43473063175820625,0.42239042181688524
3.0023406394867E14,44.515,-41.742999999999995,29.302768395333384,114.25,266325.2966769038,1.0,14203.0,-0.4129248107257963,0.516091649059346
3.0023406394867E14,44.625,-41.83300000000003,33.07518490632142,114.25,302515.4655403703,1.0,14203.25,-0.4072433240115552,0.5258904405889102
3.0023406394867E14,44.712,-41.95100000000002,34.10100369393167,114.25,312102.15155728546,1.0,14203.5,-0.39956445257741713,0.5322928983335846
3.0023406394867E14,44.813,-42.079999999999984,34.10100369393167,114.25,299652.4482202496,1.0,14203.75,-0.3743042400912666,0.5179259631815902
3.0023406394867E14,44.926,-42.16300000000001,34.10100369393167,114.25,287261.1517235423,1.0,14204.0,-0.3569691849583732,0.49784516308951865
3.0023406394867E14,45.002,-42.249000000000024,34.10100369393167,114.25,286910.7871621908,1.0,14204.25,-0.34312616472210355,0.506583032758067
3.0023406394867E14,45.108,-42.374000000000024,20.103167068731615,114.25,166664.5843478233,1.0,14204.5,-0.2751277688706615,0.53646303810958
3.0023406394867E14,45.236,-42.41399999999999,11.398573376997993,114.25,96260.67332819666,1.0,14204.75,-0.18679922065282833,0.5850376211546393
3.0023406394867E14,45.331,-42.45400000000001,8.583067399564577,114.25,76889.8234463912,1.0,14205.0,-0.06439933517985252,0.6482762266877458
3.0023406394867E14,45.478,-42.471000000000004,7.961734421520507,114.25,73937.17455624368,1.0,14205.25,0.11154940616172694,0.6660618280024784
3.0023406394867E14,45.61,-42.396000000000015,7.961734421520507,114.25,70724.96795323871,1.0,14205.5,0.2925094935740915,0.5759788713381045
3.0023406394867E14,45.705,-42.28399999999999,7.961734421520507,114.25,71236.9663561212,1.0,14205.75,0.4446534634550703,0.47503761573531617
3.0023406394867E14,45.784,-42.14499999999998,7.961734421520507,114.25,78786.86838075658,1.0,14206.0,0.5848703950306104,0.4192864827303886
3.0023406394867E14,45.865,-41.964999999999975,9.298615431895414,114.25,108183.03411380251,1.0,14206.25,0.743693053800601,0.40343202186907995
3.0023406394867E14,45.948,-41.738,9.298615431895414,114.25,124364.11577357254,1.0,14206.5,0.8981554180826373,0.3732362955738539
3.0023406394867E14,46.007,-41.456999999999994,9.298615431895414,114.25,131479.47044979903,1.0,14206.75,0.9801788454209879,0.3107762934709277
3.0023406394867E14,46.063,-41.185,9.298615431895414,114.25,124461.96399624126,1.0,14207.0,0.9558127619826349,0.18411850046645836
3.0023406394867E14,46.085,-40.922000000000025,9.220467940782372,114.25,107073.26554297387,1.0,14207.25,0.8443628774005174,-0.014618752145432505
3.0023406394867E14,46.054,-40.70999999999998,8.794462669150901,114.25,92362.01417834524,1.0,14207.5,0.7194894434840218,-0.2562153097251877
3.0023406394867E14,45.981,-40.53800000000001,8.794462669150901,114.25,95759.8757209745,1.0,14207.75,0.6041942419429772,-0.5118285178264811
3.0023406394867E14,45.86,-40.375999999999976,8.794462669150901,114.25,106868.9960789544,1.0,14208.0,0.49650563639384954,-0.7310411181302292
3.0023406394867E14,45.691,-40.249000000000024,8.617090122200455,114.25,111954.40344323662,1.0,14208.25,0.39075377864241334,-0.86022463470546
3.0023406394867E14,45.521,-40.17700000000002,9.224021652075182,114.25,118956.13823515135,1.0,14208.5,0.286947688874865,-0.8928721943851092
3.0023406394867E14,45.351,-40.08600000000001,9.5772025019138,114.25,114387.76828711007,1.0,14208.75,0.15475906124751532,-0.8546760685812698
3.0023406394867E14,45.187,-40.077999999999975,10.122412333363712,114.25,108312.44019712124,1.0,14209.0,0.013167718315475974,-0.7780334204422619
3.0023406394867E14,45.05,-40.096000000000004,10.768789217071976,114.25,105230.10082877657,1.0,14209.25,-0.10104478955067187,-0.7034024050897029
3.0023406394867E14,44.917,-40.127999999999986,10.768789217071976,114.25,99530.50138772096,1.0,14209.5,-0.18431048852520196,-0.6463689942911544
3.0023406394867E14,44.795,-40.19400000000002,10.307272324442303,114.25,91274.64782954041,1.0,14209.75,-0.25323873592823765,-0.592098548890047
3.0023406394867E14,44.689,-40.26600000000002,10.307272324442303,114.25,86308.11847584175,1.0,14210.0,-0.3122777697801513,-0.5227711746419217
3.0023406394867E14,44.588,-40.36099999999999,10.307272324442303,114.25,78670.31135620334,1.0,14210.25,-0.35277731446978206,-0.4285210409602786
3.0023406394867E14,44.521,-40.46199999999999,10.307272324442303,114.25,69767.41310825743,1.0,14210.5,-0.36144596846352506,-0.3341480242091652
3.0023406394867E14,44.463,-40.56,10.08680287346923,114.25,61468.71833151811,1.0,14210.75,-0.36043032336655134,-0.2578495140845861
3.0023406394867E14,44.424,-40.653999999999996,10.004983536388778,114.25,56139.08815744705,1.0,14211.0,-0.3593805664218306,-0.19326595559843635
3.0023406394867E14,44.384,-40.752999999999986,9.516026885890046,114.25,49121.859296753035,1.0,14211.25,-0.35529159904912483,-0.12119073814236524
3.0023406399762E14,38.236,-43.5,7.785192096362005,113.0,79698.31755640406,1.0,13878.25,0.6848915908261233,-0.2918148139646638
3.0023406399762E14,38.199,-43.322,6.4306440892667105,113.0,61446.1151344734,1.0,13878.5,0.6906375292577336,-0.07661412598071449
3.0023406399762E14,38.2,-43.148000000000025,5.923060604409217,113.0,53227.56946734593,1.0,13878.75,0.6404464819724227,0.13004681553407
3.0023406399762E14,38.252,-42.999000000000024,5.923060604409217,113.0,49991.727951322246,1.0,13879.0,0.5305128851497539,0.3086928486828917
3.0023406399762E14,38.321,-42.88299999999998,5.923060604409217,113.0,48224.304319409435,1.0,13879.25,0.38942201393442416,0.4460024085822595
3.0023406399762E14,38.422,-42.815,5.923060604409217,113.0,48384.162030885185,1.0,13879.5,0.25812208435762085,0.5350408148274048
3.0023406399762E14,38.537,-42.757000000000005,6.523157298736224,113.0,54397.548172170325,1.0,13879.75,0.1401668210449699,0.5900189244600438
3.0023406399762E14,38.649,-42.742999999999995,7.969830798906384,113.0,67964.17966701972,1.0,13880.0,0.04395981814860328,0.6185904841257439
3.0023406399762E14,38.776,-42.745000000000005,8.88443052071696,113.0,76275.05465347102,1.0,13880.25,-0.04618028427843206,0.622626728928246
3.0023406399762E14,38.896,-42.75799999999998,9.551464013908234,113.0,82287.28402134754,1.0,13880.5,-0.16325742022435188,0.6048664538938174
3.0023406399762E14,39.003,-42.809000000000026,10.001390870013402,113.0,84265.53472265539,1.0,13880.75,-0.26197996479156144,0.5538784323971662
3.0023406399762E14,39.113,-42.889999999999986,10.001390870013402,113.0,76332.42790102144,1.0,13881.0,-0.30731356440059127,0.46218429688127266
3.0023406399762E14,39.191,-42.980999999999995,10.001390870013402,113.0,62663.88034564787,1.0,13881.25,-0.2920631940123158,0.3497256288933892
3.0023406399762E14,39.246,-43.035000000000025,10.001390870013402,113.0,54820.643918375856,1.0,13881.5,-0.2833784015566369,0.280335217512331
3.0023406399762E14,39.279,-43.091999999999985,9.496927655576746,113.0,48119.668431957514,1.0,13881.75,-0.2857355605711632,0.2326531994060848
3.0023406399762E14,39.337,-43.18599999999998,8.84980256713887,113.0,43761.091180888456,1.0,13882.0,-0.30702622182313544,0.18721019373381018
3.0023406399762E14,39.365,-43.238999999999976,8.63842649418582,113.0,42889.7037129056,1.0,13882.25,-0.33776206525984476,0.12760957618370655
3.0023406399762E14,39.371,-43.351,8.507036917292778,113.0,40987.158256895214,1.0,13882.5,-0.34606171460575746,0.05482104716375458
3.0023406399762E14,39.39,-43.432000000000016,8.049833916455508,113.0,37145.903512229925,1.0,13882.75,-0.33177810084576415,-0.05034033107855852
3.0023406399762E14,39.369,-43.507000000000005,7.406185706767471,113.0,32826.13688125786,1.0,13883.0,-0.2847736463600583,-0.1509837422461962
3.0023406399762E14,39.313,-43.58800000000002,5.884960826494073,113.0,23307.43408916104,1.0,13883.25,-0.21205848802821037,-0.19489629713269557
3.0023406399762E14,39.284,-43.62099999999998,5.884960826494073,113.0,20931.92121325128,1.0,13883.5,-0.17205756134508748,-0.1931370516394836
3.0023406399762E14,39.254,-43.636000000000024,5.884960826494073,113.0,20084.150121373114,1.0,13883.75,-0.14486702799676715,-0.20151792533412594
3.0023406399762E14,39.204,-43.685,5.884960826494073,113.0,21424.92713379564,1.0,13884.0,-0.08801419634657698,-0.24969577351868968
3.0023406399762E14,39.168,-43.71199999999999,5.964286206550253,113.0,27802.71504208556,1.0,13884.25,0.02414889854365328,-0.33813498715402834
3.0023406399762E14,39.074,-43.66300000000001,8.982962021839892,113.0,52432.655613763665,1.0,13884.5,0.1345173624472433,-0.40259288935200743
3.0023406399762E14,38.993,-43.624000000000024,12.331113811297676,113.0,81144.18143302767,1.0,13884.75,0.22254211255512946,-0.4236492172159493
3.0023406399762E14,38.904,-43.553999999999974,13.434975642720643,113.0,91744.46148950611,1.0,13885.0,0.2791649577654579,-0.4107081601680145
3.0023406399762E14,38.833,-43.478999999999985,14.124793227297983,113.0,100838.51407108812,1.0,13885.25,0.31962491238961865,-0.4091191646070166
3.0023406399762E14,38.757,-43.398000000000025,15.770184806229008,113.0,127777.06998805683,1.0,13885.5,0.37786322863364996,-0.4521141947930297
3.0023406399762E14,38.663,-43.297000000000025,16.532015143451822,113.0,149205.1251102808,1.0,13885.75,0.4611884374281841,-0.46698811367877013
3.0023406399762E14,38.569,-43.182000000000016,16.532015143451822,113.0,155705.00009779484,1.0,13886.0,0.541262861201705,-0.41971001248613693
3.0023406399762E14,38.491,-43.02999999999997,16.532015143451822,113.0,143435.25926984413,1.0,13886.25,0.5516829560433885,-0.3061800439209329
3.0023406399762E14,38.447,-42.87299999999999,19.40238308415985,113.0,134286.12774172417,1.0,13886.5,0.46544270147006594,-0.1915510287742035
3.0023406399762E14,38.432,-42.81299999999999,18.71806842156426,113.0,99050.10694260176,1.0,13886.75,0.3692590296948983,-0.10833210147098532
3.0023406399762E14,38.412,-42.70800000000003,14.939081092874135,113.0,60159.07689507282,1.0,13887.0,0.2859220936176712,-0.06331633816313753
3.0023406399762E14,38.399,-42.66199999999998,13.675335846461406,113.0,42245.475541770415,1.0,13887.25,0.22134252028370321,-0.038412941045746045
3.0023406399762E14,38.398,-42.60700000000003,12.037482819024666,113.0,25735.743647460095,1.0,13887.5,0.15351450374948156,-0.02462737713343055
3.0023406399762E14,38.393,-42.56900000000002,7.758231737600238,113.0,11117.143466842954,1.0,13887.75,0.10252317223941412,-0.018656976087677427
3.0023406399762E14,38.392,-42.55500000000001,4.846212081995845,113.0,5463.774596403273,1.0,13888.0,0.0816003173983646,-0.00797571488104567
3.0023406399762E14,38.39,-42.543000000000006,4.513694927105307,113.0,5316.010061725982,1.0,13888.25,0.08324730705330677,0.020138270603579984
3.0023406399762E14,38.397,-42.514999999999986,4.272268926674073,113.0,5098.41009869628,1.0,13888.5,0.040594508489940666,0.0767048909611029
3.0023406399762E14,38.408,-42.488,3.8984201638683116,113.0,6060.308263598324,1.0,13888.75,-0.02686211598873696,0.10981268215825953
3.0023406399762E14,38.449,-42.523000000000025,3.734791628836334,113.0,6859.159613696323,1.0,13889.0,-0.08805926758418794,0.10041596720986386
3.0023406399762E14,38.45,-42.55599999999998,3.5155696764874236,113.0,6081.241562690547,1.0,13889.25,-0.11199252012311314,0.057288793340329325
3.0023406399762E14,38.463,-42.56200000000001,3.5155696764874236,113.0,5152.207863878945,1.0,13889.5,-0.10603759235237414,0.010709886990869772
3.0023406399762E14,38.454,-42.61099999999999,4.093730322364624,113.0,5108.3091058873615,1.0,13889.75,-0.07963422587368571,-0.043509730664377896
3.0023406399762E14,38.448,-42.605999999999995,4.777607209036972,113.0,6852.2127278090375,1.0,13890.0,-0.04527104779960668,-0.0939634669063857
3.0023406401141E14,35.675,-52.639999999999986,31.86088321637314,100.5,102000.92410060893,1.0,14527.75,-0.22787888193982925,0.04769071939061055
3.0023406401141E14,35.71,-52.67700000000002,20.95717855067831,100.5,61595.22511475642,1.0,14528.0,-0.21271883944267392,0.020840758661288587
3.0023406401141E14,35.684,-52.70100000000002,19.74855773596125,100.5,58723.2712344478,1.0,14528.25,-0.21578196259082777,0.014104894558031104
3.0023406401141E14,35.687,-52.803,19.74855773596125,100.5,56055.58162326957,1.0,14528.5,-0.20589636427909902,0.014679169659347449
3.0023406401141E14,35.724,-52.82900000000001,18.708593410126042,100.5,51227.82930542207,1.0,14528.75,-0.1971865248959015,-0.027734115784531544
3.0023406401141E14,35.687,-52.84800000000001,18.708593410126042,100.5,52373.95600174179,1.0,14529.0,-0.19829214410503437,-0.046109061855815335
3.0023406401141E14,35.677,-52.91500000000002,19.74855773596125,100.5,53261.91325536604,1.0,14529.25,-0.18896165957027836,-0.052546017623551836
3.0023406401141E14,35.684,-52.966999999999985,21.003967180581576,100.5,52828.35356108826,1.0,14529.5,-0.16886249573384177,-0.07028987171065457
3.0023406401141E14,35.667,-52.976999999999975,21.003967180581576,100.5,57945.375929780894,1.0,14529.75,-0.18080534050161487,-0.08694565527059803
3.0023406401141E14,35.623,-53.024,21.003967180581576,100.5,54932.942592025545,1.0,14530.0,-0.1711240592922307,-0.08300876410290453
3.0023406401141E14,35.622,-53.08300000000003,20.125736055436562,100.5,44459.172880416685,1.0,14530.25,-0.14031427648356004,-0.0782287179308562
3.0023406401141E14,35.618,-53.08699999999999,18.78797167659294,100.5,35158.167423528765,1.0,14530.5,-0.10788037762860755,-0.08295263160124797
3.0023406401141E14,35.578,-53.11099999999999,16.019133760604014,100.5,23660.633660052874,1.0,14530.75,-0.08472881994834842,-0.06601818094614777
3.0023406401141E14,35.569,-53.149,12.787053151825836,100.5,16301.406372585976,1.0,14531.0,-0.06165994578596126,-0.06923123260305172
3.0023406401141E14,35.568,-53.14999999999998,12.468966422941234,100.5,17923.74432791707,1.0,14531.25,-0.052846158015411385,-0.09019415189630958
3.0023406401141E14,35.534,-53.149,12.468966422941234,100.5,19919.643707166946,1.0,14531.5,-0.05138672581902141,-0.10419365708481414
3.0023406401141E14,35.502,-53.18900000000002,12.468966422941234,100.5,17134.500499945745,1.0,14531.75,-0.010180835679629126,-0.09941263504154618
3.0023406401141E14,35.514,-53.18700000000001,13.387200613017157,100.5,19926.299622767485,1.0,14532.0,0.014291498670822538,-0.10729618936387551
3.0023406401141E14,35.471,-53.15699999999998,20.811666092561055,100.5,34924.099483504244,1.0,14532.25,0.01939115035553009,-0.12048456551752071
3.0023406401141E14,35.45,-53.18700000000001,59.29202840843569,100.5,112692.8676937271,1.0,14532.5,0.014294226605580596,-0.13747739900420491
3.0023406401141E14,35.432,-53.166,59.29202840843569,100.5,135407.51043867163,1.0,14532.75,-0.0014651957161993059,-0.16607171448640468
3.0023406401141E14,35.392,-53.16300000000001,59.29202840843569,100.5,137048.47780016402,1.0,14533.0,-0.018599513437433626,-0.16705863294741033
3.0023406401141E14,35.349,-53.17099999999999,59.29202840843569,100.5,119047.69726987892,1.0,14533.25,-0.018890111677058355,-0.14478567069837592
3.0023406401141E14,35.342,-53.19,33.887130775281626,100.5,57273.94167147234,1.0,14533.5,-2.3155205553024912E-4,-0.12291011624575474
3.0023406401141E14,35.318,-53.161,15.578964700269209,100.5,23393.962246421655,1.0,14533.75,0.007013599781869563,-0.10897672243121884
3.0023406401141E14,35.283,-53.170000000000016,12.34121636097672,100.5,15453.464678564505,1.0,14534.0,0.02317981759474853,-0.08806170103370645
3.0023406401141E14,35.278,-53.15899999999999,12.34121636097672,100.5,14553.174051937458,1.0,14534.25,0.04866317920753802,-0.07061184629133727
3.0023406401141E14,35.265,-53.144000000000005,12.34121636097672,100.5,17336.87745411995,1.0,14534.5,0.08145239846035887,-0.06166103873850419
3.0023406401141E14,35.25,-53.11900000000003,12.34121636097672,100.5,22123.958109588006,1.0,14534.75,0.11734001563916124,-0.056807877200781745
3.0023406401141E14,35.242,-53.09500000000003,12.475739348665488,100.5,25835.74363872909,1.0,14535.0,0.1415134461149676,-0.051515714206130075
3.0023406401141E14,35.23,-53.04599999999999,13.098611919710397,100.5,28246.850989494404,1.0,14535.25,0.1505487555633635,-0.043916440333456666
3.0023406401141E14,35.222,-53.02600000000001,14.077753091865628,100.5,29706.16489059668,1.0,14535.5,0.14979438947532558,-0.03331510694197058
3.0023406401141E14,35.224,-52.976999999999975,15.175583505285967,100.5,30599.393911739695,1.0,14535.75,0.1459061696255945,-0.014587930028609173
3.0023406401141E14,35.209,-52.94900000000001,15.535170239269284,100.5,32887.010730965914,1.0,14536.0,0.1533536845154584,0.013516069451213508
3.0023406401141E14,35.225,-52.91399999999999,15.175583505285967,100.5,36770.09060009711,1.0,14536.25,0.17076230987717614,0.04345152575954182
3.0023406401141E14,35.233,-52.86500000000001,14.077753091865628,100.5,37298.698330248,1.0,14536.5,0.18132979401199,0.06514098405919166
3.0023406401141E14,35.247,-52.82299999999998,13.098611919710397,100.5,32524.47004979422,1.0,14536.75,0.16472467831254717,0.07397383551846176
3.0023406401141E14,35.262,-52.78699999999998,11.889231992444993,100.5,23390.28993435888,1.0,14537.0,0.12417754833066637,0.07105561446884558
3.0023406401141E14,35.281,-52.759000000000015,9.745492451317812,100.5,12693.874268235963,1.0,14537.25,0.06688993174715058,0.0670688345859283
3.0023406401141E14,35.283,-52.752999999999986,9.745492451317812,100.5,10619.736881145775,1.0,14537.5,0.01971582461959921,0.07675401241735906
3.0023406401141E14,35.301,-52.762,9.745492451317812,100.5,12061.645972558648,1.0,14537.75,0.013460068367026637,0.08899332302771627
3.0023406401141E14,35.335,-52.761000000000024,9.745492451317812,100.5,13725.574162807137,1.0,14538.0,-0.001690054002160675,0.10240796221486986
3.0023406401141E14,35.346,-52.74400000000003,12.013407730359484,100.5,21474.544565117725,1.0,14538.25,-0.024325368750716742,0.1276979260147877
3.0023406401141E14,35.367,-52.77600000000001,26.358636041070007,100.5,60941.7037424865,1.0,14538.5,-0.04112588721692253,0.16302758913800888
3.0023406401141E14,35.417,-52.781000000000006,60.035814849353905,100.5,145726.07423997216,1.0,14538.75,-0.04443802792323668,0.1708345328703754
3.0023406401141E14,35.455,-52.78199999999998,98.13583924332396,100.5,254046.74580939536,1.0,14539.0,-0.0509979877943571,0.18121827854798478
3.0023406401141E14,35.478,-52.79899999999998,109.39142826944942,100.5,308624.28276436543,1.0,14539.25,-0.05364934496446218,0.19803104827266865
3.0023406401141E14,35.532,-52.81900000000002,109.39142826944942,100.5,336380.61925707455,1.0,14539.5,-0.05079464994061013,0.2177763409258333
3.002340640133E14,26.941,-73.38400000000001,12.871465814967566,148.5,52534.48745935889,1.0,14384.0,0.2933443348971818,-0.045243078465087745
3.002340640133E14,26.941,-73.34500000000003,8.399425787974296,148.5,26663.243771750524,1.0,14384.25,0.23064499514615164,0.009722069750076046
3.002340640133E14,26.963,-73.29500000000002,5.989854520649699,148.5,15384.887581892346,1.0,14384.5,0.1800225410260168,0.049808347625257036
3.002340640133E14,26.971,-73.25099999999998,5.7420430248070256,148.5,10947.668549284923,1.0,14384.75,0.11213382356902679,0.08154726526546206
3.002340640133E14,26.979,-73.226,5.7420430248070256,148.5,10465.537603205588,1.0,14385.0,0.05517357041083652,0.12051507108699393
3.002340640133E14,27.003,-73.233,5.7420430248070256,148.5,12591.302085971976,1.0,14385.25,0.005270738880823557,0.15937968878321063
3.002340640133E14,27.049,-73.23399999999998,5.7420430248070256,148.5,15295.312336018267,1.0,14385.5,-0.04046900168402577,0.18943827359209026
3.002340640133E14,27.091,-73.24599999999998,7.211035872710106,148.5,22704.392410174747,1.0,14385.75,-0.1010161229341703,0.2054822334678345
3.002340640133E14,27.122,-73.26100000000002,9.671106660754612,148.5,37178.02255617028,1.0,14386.0,-0.16258842355519315,0.2274186288548814
3.002340640133E14,27.168,-73.315,13.279127986636396,148.5,61231.69180398578,1.0,14386.25,-0.22551593212023535,0.24817129230063986
3.002340640133E14,27.223,-73.37,16.130698022266532,148.5,86203.4369123672,1.0,14386.5,-0.2882812367519342,0.2606301144622566
3.002340640133E14,27.278,-73.435,16.130698022266532,148.5,98562.36432944074,1.0,14386.75,-0.36287397717479275,0.2564534906390282
3.002340640133E14,27.32,-73.50999999999999,16.130698022266532,148.5,107914.83345981114,1.0,14387.0,-0.42138782922742846,0.2431600836171041
3.002340640133E14,27.361,-73.61700000000002,16.130698022266532,148.5,111082.4718052672,1.0,14387.25,-0.454811599826204,0.2096194803303466
3.002340640133E14,27.41,-73.72699999999998,14.007389769299039,148.5,91895.79151541465,1.0,14387.5,-0.45413491181200705,0.1462216639738415
3.002340640133E14,27.437,-73.81400000000002,10.480910338950148,148.5,62252.37398538738,1.0,14387.75,-0.42886492948078336,0.05144612949373653
3.002340640133E14,27.422,-73.89999999999998,8.093563703022037,148.5,42436.902715087344,1.0,14388.0,-0.37952956403814286,-0.03673077109040625
3.002340640133E14,27.407,-73.98700000000002,6.764143942018072,148.5,31022.264159702045,1.0,14388.25,-0.3110894352641622,-0.12025581459889999
3.002340640133E14,27.385,-74.041,6.764143942018072,148.5,28695.54627144921,1.0,14388.5,-0.23696628296574893,-0.19754685303144387
3.002340640133E14,27.335,-74.07600000000002,6.764143942018072,148.5,29591.516051147628,1.0,14388.75,-0.179616740390113,-0.2625869814193297
3.002340640133E14,27.271,-74.11000000000001,6.764143942018072,148.5,31258.439089583295,1.0,14389.0,-0.11536657201989205,-0.3156403454967434
3.002340640133E14,27.207,-74.132,6.8740283593191664,148.5,34342.15414813799,1.0,14389.25,-0.049685779842377334,-0.3599006963857739
3.002340640133E14,27.136,-74.13299999999998,8.188013124554235,148.5,45154.08757914812,1.0,14389.5,0.018559490380064166,-0.40060752180886333
3.002340640133E14,27.056,-74.12,10.049601394667148,148.5,61673.25007846932,1.0,14389.75,0.08563422283104795,-0.43799402310393126
3.002340640133E14,26.961,-74.09100000000001,11.452690863314293,148.5,76923.71370695214,1.0,14390.0,0.16296113329778775,-0.46046244303957995
3.002340640133E14,26.876,-74.05599999999998,11.686054147438538,148.5,84987.32095628224,1.0,14390.25,0.248667352917841,-0.4667680938248387
3.002340640133E14,26.782,-73.98899999999998,11.686054147438538,148.5,90295.22642434394,1.0,14390.5,0.3349686163783625,-0.45114680405814844
3.002340640133E14,26.696,-73.90699999999998,11.686054147438538,148.5,92423.52083272795,1.0,14390.75,0.40895321642459737,-0.40441835347868216
3.002340640133E14,26.619,-73.81799999999998,11.686054147438538,148.5,89434.76424295847,1.0,14391.0,0.44397989785390124,-0.3356044383922268
3.002340640133E14,26.564,-73.69900000000001,11.046685388444146,148.5,76049.57183270392,1.0,14391.25,0.43632275774035845,-0.24549756956701915
3.002340640133E14,26.517,-73.61599999999999,9.400156462311697,148.5,54313.91625080597,1.0,14391.5,0.3942849373396847,-0.1452450938550049
3.002340640133E14,26.506,-73.55099999999999,7.839273707833674,148.5,37861.00567242077,1.0,14391.75,0.34566185345055267,-0.06225104069616693
3.002340640133E14,26.514,-73.47800000000001,5.885929815908436,148.5,21535.756962762513,1.0,14392.0,0.2655719032029751,0.016425294713886124
3.002340640133E14,26.515,-73.416,4.1233773470815125,148.5,10692.464139838565,1.0,14392.25,0.16855536548893593,0.08456194017533966
3.002340640133E14,26.533,-73.41199999999998,4.1233773470815125,148.5,8757.619708691393,1.0,14392.5,0.06777004123348451,0.13879213260094242
3.002340640133E14,26.574,-73.404,4.1233773470815125,148.5,9158.58132338888,1.0,14392.75,-0.023914920390587954,0.15974536807608697
3.002340640133E14,26.612,-73.41500000000002,4.1233773470815125,148.5,11430.874086034848,1.0,14393.0,-0.12115870301603557,0.16113191868648002
3.002340640133E14,26.64,-73.44600000000003,4.358954324260665,148.5,15347.455795056789,1.0,14393.25,-0.21239600091485883,0.14299705623624964
3.002340640133E14,26.654,-73.505,6.095309495700446,148.5,25529.38904304796,1.0,14393.5,-0.2852107830080818,0.10690090181889694
3.002340640133E14,26.685,-73.58499999999998,6.173632937121998,148.5,27164.351756904598,1.0,14393.75,-0.3176310312323001,0.03871166169575049
3.002340640133E14,26.687,-73.65199999999999,6.173632937121998,148.5,28729.613083566266,1.0,14394.0,-0.3357467016799114,-0.042447170035754864
3.002340640133E14,26.67,-73.72000000000003,6.173632937121998,148.5,30162.170078894538,1.0,14394.25,-0.330017011690985,-0.13161541490835918
3.002340640133E14,26.63,-73.791,6.333767728375099,148.5,31941.15927244986,1.0,14394.5,-0.29315073390618696,-0.22036024323149925
3.002340640133E14,26.58,-73.86399999999998,6.333767728375099,148.5,32691.459237790645,1.0,14394.75,-0.20644317928745803,-0.31348055044564316
3.002340640133E14,26.527,-73.892,6.333767728375099,148.5,35008.07208093028,1.0,14395.0,-0.10452138632254881,-0.38812265748686947
3.002340640133E14,26.424,-73.89299999999997,6.333767728375099,148.5,38303.87740883064,1.0,14395.25,0.01631928091182228,-0.43948851615219797
3.002340640133E14,26.338,-73.90499999999997,6.704444471585302,148.5,45199.18509622873,1.0,14395.5,0.14663056904978292,-0.46782754756276684
3.002340640133E14,26.27,-73.83999999999997,7.6382404639732915,148.5,57907.41192691365,1.0,14395.75,0.2548837890047061,-0.48886857724110366
3.0023406450679E14,47.298,-17.38900000000001,32.82773387035943,107.75,124649.83357788154,1.0,14456.5,0.03474248384555689,-0.27393777887904225
3.0023406450679E14,47.227,-17.32499999999999,29.628580056585868,107.75,110042.58372657164,1.0,14456.75,0.03982930389818152,-0.2671418627631934
3.0023406450679E14,47.177,-17.367999999999995,29.628580056585868,107.75,104820.1869657494,1.0,14457.0,0.056533639687671236,-0.25098839622645563
3.0023406450679E14,47.153,-17.310000000000002,29.628580056585868,107.75,103247.52837788922,1.0,14457.25,0.08185005095882827,-0.23983433912191926
3.0023406450679E14,47.069,-17.28800000000001,29.628580056585868,107.75,94932.59568154984,1.0,14457.5,0.12066606318860071,-0.19932983211874666
3.0023406450679E14,47.06,-17.281999999999982,30.5665865169058,107.75,103489.88694489854,1.0,14457.75,0.15212776158054916,-0.1935967278827037
3.0023406450679E14,47.018,-17.19799999999998,31.38145134804164,107.75,109669.98153514591,1.0,14458.0,0.14490096293740118,-0.20878980837616432
3.0023406450679E14,46.954,-17.180999999999983,32.154624848133835,107.75,103247.87461584275,1.0,14458.25,0.12218221893045954,-0.19899246837406362
3.0023406450679E14,46.948,-17.163999999999987,32.48760020650005,107.75,97833.59955270326,1.0,14458.5,0.11014655823828194,-0.18928037325830588
3.0023406450679E14,46.9,-17.08699999999999,32.48760020650005,107.75,85773.99659314241,1.0,14458.75,0.10555962779520056,-0.16037973447949572
3.0023406450679E14,46.868,-17.10300000000001,31.25482723135301,107.75,75770.7492595947,1.0,14459.0,0.11925978779676664,-0.12984047386186087
3.0023406450679E14,46.868,-17.036,30.39597991011704,107.75,74426.47113440793,1.0,14459.25,0.12684262934660676,-0.12497168618445123
3.0023406450679E14,46.819,-16.999000000000024,29.704158667343584,107.75,64415.23524227417,1.0,14459.5,0.12359565050494445,-0.09794930539466253
3.0023406450679E14,46.801,-16.99599999999998,27.067981989379618,107.75,56466.060210130614,1.0,14459.75,0.1278378093092208,-0.08168030678524865
3.0023406450679E14,46.804,-16.930999999999983,24.867507472480124,107.75,51376.31127094511,1.0,14460.0,0.12405290510585601,-0.08475907012115003
3.0023406450679E14,46.759,-16.908999999999992,23.802328731287904,107.75,44969.138233800775,1.0,14460.25,0.11164051066330538,-0.08008083635091182
3.0023406450679E14,46.766,-16.889999999999986,21.031125565712664,107.75,35050.58382404629,1.0,14460.5,0.09669277327922872,-0.07307320744588813
3.0023406450679E14,46.753,-16.838000000000022,14.142729510691543,107.75,17826.33935411742,1.0,14460.75,0.07665443630452948,-0.05026172899798788
3.0023406450679E14,46.734,-16.841999999999985,10.860657322236664,107.75,10951.461402238767,1.0,14461.0,0.071337653431915,-0.0169775786264731
3.0023406450679E14,46.756,-16.81400000000002,10.860657322236664,107.75,11948.480497834982,1.0,14461.25,0.07998105311787569,0.001998797323686894
3.0023406450679E14,46.738,-16.781000000000006,10.860657322236664,107.75,12371.496802517755,1.0,14461.5,0.07862759251486834,0.02607527392776409
3.0023406450679E14,46.749,-16.767999999999972,10.860657322236664,107.75,14843.117650367796,1.0,14461.75,0.08731350730877104,0.047480314583747824
3.0023406450679E14,46.763,-16.745000000000005,12.010552874106127,107.75,19051.39159866808,1.0,14462.0,0.09678936913156934,0.0627550000190624
3.0023406450679E14,46.773,-16.692999999999984,15.85091874855948,107.75,29140.132671676613,1.0,14462.25,0.10215441649694147,0.0862429370596107
3.0023406450679E14,46.787,-16.704000000000008,21.682017043399888,107.75,47204.097982432926,1.0,14462.5,0.11773456053433982,0.10585363608081161
3.0023406450679E14,46.831,-16.62700000000001,28.64125755505752,107.75,68914.3559883801,1.0,14462.75,0.12591070853970548,0.12150652586971754
3.0023406450679E14,46.831,-16.62099999999998,32.39980403775608,107.75,86291.54195859458,1.0,14463.0,0.13013697474006353,0.14344878263709293
3.0023406450679E14,46.884,-16.571000000000026,32.39980403775608,107.75,95744.00379557177,1.0,14463.25,0.13244778644710006,0.1692316825972886
3.0023406450679E14,46.905,-16.52600000000001,32.39980403775608,107.75,107739.7792033638,1.0,14463.5,0.13302830343096253,0.20194660529210057
3.0023406450679E14,46.947,-16.50999999999999,32.39980403775608,107.75,114574.6718552937,1.0,14463.75,0.13581303541148856,0.21837767733213034
3.0023406450679E14,47.0,-16.451000000000022,31.58366279820478,107.75,112231.84379247333,1.0,14464.0,0.13144868024684284,0.22248634759189587
3.0023406450679E14,47.024,-16.42700000000002,26.713279189187563,107.75,97736.52573871939,1.0,14464.25,0.11801621052011799,0.23846465075746226
3.0023406450679E14,47.092,-16.394000000000005,21.647929208997596,107.75,80952.70462610676,1.0,14464.5,0.09907201356571824,0.2532564643644851
3.0023406450679E14,47.134,-16.363,20.272921755474744,107.75,76968.59199858557,1.0,14464.75,0.07515802982002934,0.2656715985300503
3.0023406450679E14,47.189,-16.35300000000001,20.272921755474744,107.75,78059.06508904822,1.0,14465.0,0.04492712286434524,0.27638198943489617
3.0023406450679E14,47.249,-16.336000000000013,20.272921755474744,107.75,80680.928870851,1.0,14465.25,0.007914519648032383,0.28930651875668234
3.0023406450679E14,47.296,-16.341999999999985,20.272921755474744,107.75,87478.14668651496,1.0,14465.5,-0.01117149529824925,0.3135984891939729
3.0023406450679E14,47.368,-16.35899999999998,21.668735982154725,107.75,97553.02970534064,1.0,14465.75,-0.019854869872412688,0.3267933531069439
3.0023406450679E14,47.429,-16.35300000000001,25.6369813652894,107.75,116726.67586449273,1.0,14466.0,-0.03880454966030058,0.3288260240111056
3.0023406450679E14,47.49,-16.37099999999998,34.751489134834955,107.75,161435.62565893272,1.0,14466.25,-0.06658409285139545,0.33119850259363853
3.0023406450679E14,47.559,-16.406000000000006,42.4610967307223,107.75,198772.26775437783,1.0,14466.5,-0.08305623631582203,0.33014509977499057
3.0023406450679E14,47.625,-16.404999999999973,45.618888690377425,107.75,217612.5580237605,1.0,14466.75,-0.07720198569803308,0.33820121415410587
3.0023406450679E14,47.682,-16.456000000000017,60.15129770958784,107.75,287131.1093233935,1.0,14467.0,-0.06085357648671083,0.3417619031426078
3.0023406450679E14,47.768,-16.442999999999984,62.735315933939134,107.75,288736.177885875,1.0,14467.25,-0.0738297895968954,0.3264552164179262
3.0023406450679E14,47.809,-16.476999999999975,62.735315933939134,107.75,296177.6003157369,1.0,14467.5,-0.09892645889183573,0.32876443735290095
3.0023406450679E14,47.877,-16.526999999999987,62.735315933939134,107.75,285121.44595916005,1.0,14467.75,-0.09168133195370817,0.3175390526379348
3.0023406450679E14,47.941,-16.536,62.735315933939134,107.75,239634.7743900836,1.0,14468.0,-0.06353083718267882,0.2704192908149615
3.0023406450679E14,47.981,-16.553999999999974,28.981748030993963,107.75,84683.21679402614,1.0,14468.25,-0.04646560896975793,0.20734760772538186
3.0023406487514E14,45.53,-37.44499999999999,10.39564076332479,127.5,56388.60424110748,1.0,14394.25,0.29328966972290005,-0.26378434507647974
3.0023406487514E14,45.492,-37.377999999999986,5.442017781341382,127.5,19253.625623264463,1.0,14394.5,0.24804577234563713,-0.06833852566442837
3.0023406487514E14,45.505,-37.309000000000026,5.442017781341382,127.5,14198.189704681969,1.0,14394.75,0.1738659509142721,0.07595145880567762
3.0023406487514E14,45.523,-37.281000000000006,5.442017781341382,127.5,16050.729403918644,1.0,14395.0,0.11244043522553229,0.18265216902512443
3.0023406487514E14,45.574,-37.25599999999997,5.442017781341382,127.5,21666.272970746337,1.0,14395.25,0.07472831486369756,0.2797178367922015
3.0023406487514E14,45.633,-37.23599999999999,4.617495113872742,127.5,24647.810907654824,1.0,14395.5,0.06060379984320828,0.3834244092900175
3.0023406487514E14,45.714,-37.23000000000002,4.617495113872742,127.5,30105.27448883822,1.0,14395.75,0.033710452940253315,0.47293537587030715
3.0023406487514E14,45.827,-37.21600000000001,4.617495113872742,127.5,32258.609680493824,1.0,14396.0,-0.07804293486438761,0.5020186861418909
3.0023406487514E14,45.909,-37.247000000000014,4.617495113872742,127.5,33059.49059231552,1.0,14396.25,-0.24288817275013652,0.4605368598854358
3.0023406487514E14,45.998,-37.360000000000014,5.14244382980193,127.5,36808.04829414321,1.0,14396.5,-0.4120707402379974,0.31802703309965646
3.0023406487514E14,46.045,-37.47399999999999,5.14244382980193,127.5,37584.235198107875,1.0,14396.75,-0.5274771347220112,0.06525982139178166
3.0023406487514E14,46.016,-37.65100000000001,5.14244382980193,127.5,42063.73906371843,1.0,14397.0,-0.5335411450565147,-0.2630122518661945
3.0023406487514E14,45.945,-37.78699999999998,5.14244382980193,127.5,52312.307069511065,1.0,14397.25,-0.42887219038778446,-0.6027749924436727
3.0023406487514E14,45.786,-37.88799999999998,6.281435926887879,127.5,77871.63269092783,1.0,14397.5,-0.2452532930767038,-0.8675429108213686
3.0023406487514E14,45.596,-37.92700000000002,8.581144240333618,127.5,117539.83798654177,1.0,14397.75,-0.04874983732729183,-0.9949134122791881
3.0023406487514E14,45.404,-37.910000000000025,8.642233068261184,127.5,118723.60989150284,1.0,14398.0,0.09011917892638921,-0.9949540528829317
3.0023406487514E14,45.21,-37.86700000000002,8.642233068261184,127.5,109450.7153028974,1.0,14398.25,0.17737989949149266,-0.9037554730518302
3.0023406487514E14,45.051,-37.815,8.642233068261184,127.5,94596.8815799413,1.0,14398.5,0.23562089404919076,-0.7603355739481638
3.0023406487514E14,44.918,-37.74000000000001,8.642233068261184,127.5,78967.32211130009,1.0,14398.75,0.2962074008002577,-0.5948162165449814
3.0023406487514E14,44.82,-37.656000000000006,6.51451858395768,127.5,49314.45538895991,1.0,14399.0,0.3622563164742845,-0.41451370444317814
3.0023406487514E14,44.756,-37.543000000000006,5.981798454749065,127.5,37853.350149998056,1.0,14399.25,0.40414650038291206,-0.2200952065338876
3.0023406487514E14,44.733,-37.43099999999998,5.981798454749065,127.5,33615.59712779331,1.0,14399.5,0.408303592408563,-0.01735535000931948
3.0023406487514E14,44.75,-37.31999999999999,5.981798454749065,127.5,35405.67906682962,1.0,14399.75,0.3911114499933961,0.1797383294111688
3.0023406487514E14,44.798,-37.214,5.981798454749065,127.5,43253.11113728146,1.0,14400.0,0.4012665959432049,0.3398387583343572
3.0023406487514E14,44.884,-37.124000000000024,6.949225970570053,127.5,56009.90934120165,1.0,14400.25,0.4011140161886127,0.4273837732592229
3.0023406487514E14,44.975,-36.99400000000003,6.949225970570053,127.5,55434.48173658657,1.0,14400.5,0.3461977754300314,0.4654821977278376
3.0023406487514E14,45.055,-36.910000000000025,6.949225970570053,127.5,53529.70821627287,1.0,14400.75,0.23870016933972388,0.5067735994185228
3.0023406487514E14,45.166,-36.889999999999986,6.949225970570053,127.5,53162.87031991768,1.0,14401.0,0.13233015346000926,0.5403700844937815
3.0023406487514E14,45.278,-36.839,6.657273714074786,127.5,47820.2502984588,1.0,14401.25,-0.00604102804337012,0.5223390735648568
3.0023406487514E14,45.37,-36.87700000000001,5.326478559531109,127.5,34281.73989092945,1.0,14401.5,-0.16730118588044526,0.4371242771497204
3.0023406487514E14,45.448,-36.94499999999999,5.058595464658424,127.5,30165.824285691055,1.0,14401.75,-0.31855229147040887,0.29425698196543554
3.0023406487514E14,45.487,-37.04599999999999,5.058595464658424,127.5,30652.49700014191,1.0,14402.0,-0.4198321838702411,0.1338683899714777
3.0023406487514E14,45.494,-37.184000000000026,5.058595464658424,127.5,32092.89654715416,1.0,14402.25,-0.46092643962346125,-0.020122582339029856
3.0023406487514E14,45.476,-37.303,5.058595464658424,127.5,33357.11309614542,1.0,14402.5,-0.4506092558297263,-0.16404173873501088
3.0023406487514E14,45.436,-37.428999999999974,5.828130920726857,127.5,40850.87124487671,1.0,14402.75,-0.41414423732295186,-0.2971645628600222
3.0023406487514E14,45.356,-37.53199999999998,7.101275060582687,127.5,53216.925683896494,1.0,14403.0,-0.3673287733625452,-0.4025809438115004
3.0023406487514E14,45.274,-37.63299999999998,9.253716737831173,127.5,74996.29169878138,1.0,14403.25,-0.32187423673985904,-0.4937171999486518
3.0023406487514E14,45.172,-37.709,13.200519933401893,127.5,113949.40031346491,1.0,14403.5,-0.2866809883670012,-0.55846648925104
3.0023406487514E14,45.048,-37.78699999999998,17.830524706171577,127.5,155920.5695887747,1.0,14403.75,-0.2605623271731052,-0.5800922155198021
3.0023406487514E14,44.947,-37.858000000000004,17.830524706171577,127.5,153394.23429378972,1.0,14404.0,-0.24235304105597721,-0.5767721687634629
3.0023406487514E14,44.831,-37.911,17.830524706171577,127.5,147906.43668777726,1.0,14404.25,-0.22153744885716853,-0.5610863472174296
3.0023406487514E14,44.727,-37.978999999999985,17.830524706171577,127.5,138782.48504158552,1.0,14404.5,-0.18232571285669363,-0.5358574272197691
3.0023406487514E14,44.623,-38.01400000000001,16.59759901735063,127.5,117360.15488406934,1.0,14404.75,-0.11588011777408619,-0.5009839881478632
3.0023406487514E14,44.533,-38.03699999999998,11.936796140930577,127.5,74987.31985366583,1.0,14405.0,-0.022727737839238482,-0.45627646575058134
3.0023406487514E14,44.447,-38.035000000000025,8.653052757962184,127.5,48029.698422744405,1.0,14405.25,0.0722425614403562,-0.3971342257325067
3.0023406487514E14,44.377,-37.99400000000003,6.590270843325128,127.5,32545.7845429224,1.0,14405.5,0.15126222273060327,-0.3257262874038201
3.0023406487514E14,44.32,-37.952,5.196470742741762,127.5,23503.106845141443,1.0,14405.75,0.21332470561233705,-0.2503542807117831
3.0023406487514E14,44.283,-37.88299999999998,5.196470742741762,127.5,22499.082729910464,1.0,14406.0,0.2650578073946301,-0.16995129666699338
3.0023406711828E14,30.602,-66.62700000000001,23.765603314744947,100.5,147611.32057567334,0.0,15790.75,0.3608830977995571,0.2716319770489578
3.0023406711828E14,30.638,-66.53399999999999,21.938649662731674,100.5,132853.6438351843,0.0,15791.0,0.36967361515395747,0.2393279188081508
3.0023406711828E14,30.672,-66.445,19.32799258381307,100.5,106226.75508671526,0.0,15791.25,0.35484507220787453,0.18392857363598747
3.0023406711828E14,30.722,-66.37900000000002,13.5403975583613,100.5,61728.44358229721,0.0,15791.5,0.31058967227342005,0.11595163119353784
3.0023406711828E14,30.726,-66.28899999999999,12.882498763607515,100.5,47575.62897801415,0.0,15791.75,0.26055612017954394,0.065100280697582
3.0023406711828E14,30.714,-66.25999999999999,12.882498763607515,100.5,49068.72139139838,0.0,15792.0,0.2669077035478878,0.07406816971790993
3.0023406711828E14,30.735,-66.21300000000002,12.882498763607515,100.5,53553.11798501388,0.0,15792.25,0.29948604977309845,0.04121543085542098
3.0023406711828E14,30.76,-66.142,12.882498763607515,100.5,60387.86999901349,0.0,15792.5,0.3395234021755464,-0.030506331448869384
3.0023406711828E14,30.737,-66.03699999999998,16.69648288310296,100.5,83797.41504356945,0.0,15792.75,0.34632465382398686,-0.11520104718672407
3.0023406711828E14,30.688,-65.96499999999997,18.28198188938906,100.5,84390.23273651428,0.0,15793.0,0.3062568243867537,-0.1374510306829001
3.0023406711828E14,30.659,-65.90899999999999,18.28198188938906,100.5,79158.74525375005,0.0,15793.25,0.275769909282876,-0.151983071283372
3.0023406711828E14,30.632,-65.85700000000003,18.28198188938906,100.5,74618.0551887761,0.0,15793.5,0.25196091897383766,-0.15689237629163008
3.0023406711828E14,30.608,-65.79500000000002,18.28198188938906,100.5,71885.0483414791,0.0,15793.75,0.2342345387544648,-0.16400705730274812
3.0023406711828E14,30.564,-65.74099999999999,17.363093352094438,100.5,64816.16149509039,0.0,15794.0,0.21595422738955958,-0.16449893340039246
3.0023406711828E14,30.531,-65.70400000000001,16.739225759506205,100.5,61367.067161920466,0.0,15794.25,0.199173274814056,-0.17722168236374808
3.0023406711828E14,30.505,-65.656,16.61467579637496,100.5,60979.31358604134,0.0,15794.5,0.17658852308362066,-0.2001369471350221
3.0023406711828E14,30.458,-65.61599999999999,15.797805883771781,100.5,56872.35767972215,0.0,15794.75,0.14461265683873387,-0.21823546267385707
3.0023406711828E14,30.402,-65.58999999999997,12.444261822116673,100.5,40004.74593597756,0.0,15795.0,0.1135843798895403,-0.20433297838371142
3.0023406711828E14,30.368,-65.57900000000001,10.227995054126767,100.5,30738.54089829738,0.0,15795.25,0.07382499053488005,-0.20570791166818397
3.0023406711828E14,30.338,-65.56,9.59418524012304,100.5,28685.188659391322,0.0,15795.5,0.02087048901231908,-0.2164241571179591
3.0023406711828E14,30.287,-65.54899999999998,9.59418524012304,100.5,30069.741573556108,0.0,15795.75,-0.040685319094343544,-0.22426211399259166
3.0023406711828E14,30.233,-65.58600000000001,9.59418524012304,100.5,28289.653904777744,0.0,15796.0,-0.07645017366241395,-0.2003387637301226
3.0023406711828E14,30.198,-65.61200000000002,9.59418524012304,100.5,29108.524902805562,0.0,15796.25,-0.11380967521789816,-0.18901856208056847
3.0023406711828E14,30.172,-65.632,11.446441684226045,100.5,38163.4366032001,0.0,15796.5,-0.151964610798112,-0.18892967230317764
3.0023406711828E14,30.123,-65.66399999999999,19.715392204958015,100.5,74006.12189678164,0.0,15796.75,-0.18514476991767664,-0.20059572337680187
3.0023406711828E14,30.091,-65.72899999999998,51.63201981340814,100.5,202024.6544909177,0.0,15797.0,-0.18390584626358436,-0.2171282001192071
3.0023406711828E14,30.039,-65.76299999999998,66.0820624092338,100.5,269128.7828228249,0.0,15797.25,-0.1753321843143455,-0.23869635112050605
3.0023406711828E14,29.995,-65.80900000000003,66.0820624092338,100.5,284834.6905693701,0.0,15797.5,-0.16767982469612353,-0.2648350649758859
3.0023406711828E14,29.941,-65.83499999999998,66.0820624092338,100.5,313154.5829182596,0.0,15797.75,-0.17846165440476153,-0.2948132234500789
3.0023406711828E14,29.879,-65.87599999999998,71.52249801408904,100.5,382360.76512415253,0.0,15798.0,-0.21763250126932407,-0.3221506039096282
3.0023406711828E14,29.81,-65.93299999999999,63.29226472110937,100.5,376995.3755375598,0.0,15798.25,-0.2571149215026979,-0.34860040160043754
3.0023406711828E14,29.743,-65.99900000000002,63.29226472110937,100.5,415878.6286451015,0.0,15798.5,-0.2981369329483836,-0.37342335930684506
3.0023406711828E14,29.667,-66.06799999999998,63.29226472110937,100.5,452484.90600122797,0.0,15798.75,-0.3389244901127752,-0.3942409322615986
3.0023406711828E14,29.592,-66.13799999999998,63.29226472110937,100.5,481765.3236844592,0.0,15799.0,-0.38295852504032424,-0.3996900638083291
3.0023406711828E14,29.502,-66.23200000000003,87.61027619277617,100.5,671141.2977951296,0.0,15799.25,-0.39259117349851574,-0.3952479943174657
3.0023406711828E14,29.435,-66.32900000000001,176.73794110563068,100.5,1288372.480521947,0.0,15799.5,-0.367429646382103,-0.38213519721938294
3.0023406711828E14,29.363,-66.399,176.73794110563068,100.5,1170050.3762853807,0.0,15799.75,-0.3185854751365601,-0.3609520845717207
3.0023406711828E14,29.287,-66.45999999999998,176.73794110563068,100.5,1018669.7589524549,0.0,15800.0,-0.26993342268470005,-0.320660091597438
3.0023406711828E14,29.227,-66.52100000000002,176.73794110563068,100.5,893855.5005869357,0.0,15800.25,-0.23288514632945057,-0.2846687886101606
3.0023406711828E14,29.184,-66.56400000000002,71.80571736784198,100.5,331820.42185476143,0.0,15800.5,-0.22153238409041145,-0.2526980172635759
3.0023406711828E14,29.135,-66.60500000000002,26.567317384555928,100.5,117297.95516311252,0.0,15800.75,-0.23549640394739807,-0.21824693663425468
3.0023406711828E14,29.084,-66.66399999999999,16.882406349630454,100.5,68330.28939966914,0.0,15801.0,-0.24655460365815413,-0.16076432395512177
3.0023406711828E14,29.062,-66.738,13.654955564800174,100.5,51709.14977329818,0.0,15801.25,-0.25040739008721324,-0.11460396038335766
3.0023406711828E14,29.051,-66.78500000000003,12.533921899404868,100.5,44529.23068097288,0.0,15801.5,-0.24684031198441736,-0.07628538753803901
3.0023406711828E14,29.033,-66.83699999999999,12.533921899404868,100.5,42333.790847189994,0.0,15801.75,-0.24213739541777998,-0.041223553832692966
3.0023406711828E14,29.026,-66.88999999999999,12.51593871093235,100.5,40894.99144119332,0.0,15802.0,-0.237553496714835,0.005381055040726274
3.0023406711828E14,29.027,-66.947,12.313226959382929,100.5,38973.49524131987,0.0,15802.25,-0.22754267288066674,0.03473026522554885
3.0023406711828E14,29.043,-66.99599999999998,11.693770628046915,100.5,35659.78294438603,0.0,15802.5,-0.21740623766036057,0.0437449335221684
3.0023406711927E14,25.107,-61.434000000000026,32.115704073350926,100.75,72160.52644306421,1.0,15045.75,-0.16326756485594807,0.006542910713003779
3.0023406711927E14,25.113,-61.476,20.010136395471797,100.75,41480.14469600763,1.0,15046.0,-0.14847366983866364,0.026096535751195797
3.0023406711927E14,25.12,-61.48599999999999,20.010136395471797,100.75,49378.7395538769,1.0,15046.25,-0.1731928767643537,0.046993623368217226
3.0023406711927E14,25.129,-61.512,20.010136395471797,100.75,55184.735931726966,1.0,15046.5,-0.19576768072837766,0.04356157327768492
3.0023406711927E14,25.147,-61.56400000000002,19.52813509933239,100.75,58024.22353650229,1.0,15046.75,-0.2158272893929948,0.01044861892709031
3.0023406711927E14,25.158,-61.62299999999999,19.40894229792911,100.75,59993.71846817885,1.0,15047.0,-0.22028456958913595,-0.044761985539914576
3.0023406711927E14,25.126,-61.666,19.40894229792911,100.75,58597.99704680114,1.0,15047.25,-0.20435073309910418,-0.08028696362988645
3.0023406711927E14,25.094,-61.70400000000001,19.40894229792911,100.75,56550.524824200795,1.0,15047.5,-0.18795930094993124,-0.0978094874734213
3.0023406711927E14,25.073,-61.75,19.40894229792911,100.75,52293.11061753342,1.0,15047.75,-0.1717835808231417,-0.09423557870548512
3.0023406711927E14,25.056,-61.781000000000006,19.622840446067404,100.75,50612.888560410844,1.0,15048.0,-0.16844916001091903,-0.08250884339065694
3.0023406711927E14,25.046,-61.80200000000002,19.065056576396415,100.75,59055.5940855499,1.0,15048.25,-0.20597501953982747,-0.09120046651048433
3.0023406711927E14,25.034,-61.841999999999985,18.833035217772427,100.75,63360.12231283579,1.0,15048.5,-0.21783020795006053,-0.11139208743279908
3.0023406711927E14,25.021,-61.90499999999997,16.84037703140471,100.75,58369.525868565695,1.0,15048.75,-0.2071071091798846,-0.14366585967156517
3.0023406711927E14,24.971,-61.96300000000002,16.84037703140471,100.75,56683.45378142649,1.0,15049.0,-0.17198006366089108,-0.17417990915567086
3.0023406711927E14,24.936,-61.97500000000002,16.84037703140471,100.75,53882.73230711673,1.0,15049.25,-0.1427835515258729,-0.18372276423080908
3.0023406711927E14,24.898,-61.99200000000002,14.849207195849655,100.75,47375.813152181145,1.0,15049.5,-0.12293984413357968,-0.19676792373628385
3.0023406711927E14,24.867,-62.016999999999996,14.27260551229386,100.75,45708.333641572106,1.0,15049.75,-0.11260757796823398,-0.20386058157354436
3.0023406711927E14,24.816,-62.035000000000025,13.772906272661537,100.75,43216.43336083075,1.0,15050.0,-0.10264683375346828,-0.20379545744898767
3.0023406711927E14,24.779,-62.06099999999998,13.305022880313603,100.75,38081.23829637424,1.0,15050.25,-0.05748348438020994,-0.2000477644354737
3.0023406711927E14,24.75,-62.101,12.845010069428431,100.75,33317.76502440234,1.0,15050.5,-0.017029505806357932,-0.1878583085104888
3.0023406711927E14,24.711,-62.077999999999975,12.156256868956813,100.75,27546.388530271604,1.0,15050.75,0.0179033965311183,-0.16381459506127471
3.0023406711927E14,24.679,-62.071000000000026,9.07062277415034,100.75,16057.76595386301,1.0,15051.0,0.03390751760144839,-0.12419467219382069
3.0023406711927E14,24.647,-62.05799999999999,9.07062277415034,100.75,8636.181422225023,1.0,15051.25,0.02814299719569611,-0.0632614464797624
3.0023406711927E14,24.649,-62.072,9.07062277415034,100.75,4022.302930425075,1.0,15051.5,0.008900128720083016,-0.030995581138283587
3.0023406711927E14,24.65,-62.053,9.07062277415034,100.75,4678.45244745243,1.0,15051.75,-0.026702788684381654,-0.02634119671551466
3.0023406711927E14,24.657,-62.065,9.455079579778728,100.75,10673.785009848903,1.0,15052.0,-0.06737222192654987,-0.046911149588729606
3.0023406711927E14,24.626,-62.089,16.503814851360357,100.75,23952.315700407747,1.0,15052.25,-0.08528682425808826,-0.06217294469198167
3.0023406711927E14,24.605,-62.11900000000003,16.503814851360357,100.75,26413.77453140332,1.0,15052.5,-0.08184855102011104,-0.08274801217248885
3.0023406711927E14,24.595,-62.13900000000001,19.45091397417902,100.75,30697.769160714084,1.0,15052.75,-0.054353803861012004,-0.10108458209568806
3.0023406711927E14,24.578,-62.15300000000002,19.45091397417902,100.75,29410.6386516661,1.0,15053.0,-0.01742861939061395,-0.1085689321102062
3.0023406711927E14,24.542,-62.13299999999998,19.45091397417902,100.75,20130.882108312104,1.0,15053.25,-0.008978165913034023,-0.07472686639033273
3.0023406711927E14,24.516,-62.12900000000002,14.716683539418772,100.75,9773.758979381257,1.0,15053.5,-0.001528118840433504,-0.048272557031021235
3.0023406711927E14,24.525,-62.129999999999995,13.82420853702549,100.75,5199.6926789768895,1.0,15053.75,-0.003522467621883214,-0.02712515196264923
3.0023406711927E14,24.527,-62.139999999999986,10.539603939709348,100.75,3212.5896912034445,1.0,15054.0,-0.011837268335016643,-0.018741204201614074
3.0023406711927E14,24.512,-62.137,8.240878797984763,100.75,3926.772430924792,1.0,15054.25,-0.032927317865982686,-0.010795970960704072
3.0023406711927E14,24.501,-62.137,7.539071341415869,100.75,5718.166272765609,1.0,15054.5,-0.05183034227414394,-0.018867223816356287
3.0023406711927E14,24.514,-62.146000000000015,6.415586372393557,100.75,6356.733098659203,1.0,15054.75,-0.05924661383618354,-0.04100917931076844
3.0023406711927E14,24.498,-62.17700000000002,6.415056680060809,100.75,6991.092169466901,1.0,15055.0,-0.04251751642544829,-0.0668816311989217
3.0023406711927E14,24.48,-62.19,6.415056680060809,100.75,5913.397417152737,1.0,15055.25,0.012573344374643827,-0.06584546011197788
3.0023406711927E14,24.451,-62.178,5.480989963688876,100.75,5172.205014629361,1.0,15055.5,0.041692338406802906,-0.05450825833295217
3.0023406711927E14,24.442,-62.15199999999999,5.480989963688876,100.75,4602.889725240648,1.0,15055.75,0.05133320223836084,-0.03308496701532403
3.0023406711927E14,24.446,-62.13499999999999,5.480989963688876,100.75,3529.785597399761,1.0,15056.0,0.04396901325247021,-0.01612733037811614
3.0023406711927E14,24.453,-62.14100000000002,5.430228654282568,100.75,4558.932068950863,1.0,15056.25,0.053585778339936885,-0.029259253315775148
3.0023406711927E14,24.449,-62.148000000000025,5.559312147281909,100.75,5022.835946825513,1.0,15056.5,0.061151573183964754,-0.024032175209904118
3.0023406711927E14,24.43,-62.125999999999976,5.75791815080953,100.75,5384.478915755108,1.0,15056.75,0.06723660406458266,-0.0101977006802848
3.0023406711927E14,24.438,-62.09800000000001,5.75791815080953,100.75,5379.411708977133,1.0,15057.0,0.06695469536949185,0.011537867829998365
3.0023406711927E14,24.445,-62.10000000000002,5.75791815080953,100.75,6032.7870292048065,1.0,15057.25,0.06906786752935669,0.03217294014866686
3.0023406711927E14,24.451,-62.09100000000001,5.75791815080953,100.75,5907.92847264709,1.0,15057.5,0.0551820694976322,0.05022535965514706
3.0023406754772E14,35.035,-72.214,3.5675729562340943,153.25,39977.81813167711,1.0,15085.25,-0.46337877598743676,0.6703481826548112
3.0023406754772E14,35.168,-72.35700000000003,3.3405049287610127,153.25,33526.66957210326,1.0,15085.5,-0.6304797430060933,0.3676993836992977
3.0023406754772E14,35.203,-72.49200000000002,3.3405049287610127,153.25,30534.438983533375,1.0,15085.75,-0.6622953491000757,0.056816779886528126
3.0023406754772E14,35.166,-72.66300000000001,3.3405049287610127,153.25,26856.64530641765,1.0,15086.0,-0.5484643128666594,-0.2025289506510668
3.0023406754772E14,35.123,-72.781,3.3405049287610127,153.25,24130.90162495536,1.0,15086.25,-0.3373457149021857,-0.4026953871240657
3.0023406754772E14,35.031,-72.81,3.2990923639855074,153.25,25858.135057593925,1.0,15086.5,-0.12991235233107729,-0.5549899063751139
3.0023406754772E14,34.908,-72.81099999999998,3.2171147795842248,153.25,25679.68605840796,1.0,15086.75,0.06752301737497496,-0.5765421108384081
3.0023406754772E14,34.793,-72.77199999999999,3.307415085856841,153.25,23373.2286237045,1.0,15087.0,0.24235968723117854,-0.45318461056184917
3.0023406754772E14,34.715,-72.71499999999997,3.486077327743378,153.25,21402.68309667385,1.0,15087.25,0.3902984834226976,-0.21681141337468307
3.0023406754772E14,34.718,-72.596,3.486077327743378,153.25,22009.87839946449,1.0,15087.5,0.458000658665997,0.03234983322914878
3.0023406754772E14,34.745,-72.46800000000002,3.486077327743378,153.25,23485.761514534708,1.0,15087.75,0.419251394353099,0.2534943126262837
3.0023406754772E14,34.81,-72.39299999999997,3.486077327743378,153.25,22773.74766001567,1.0,15088.0,0.26722905089985427,0.3927930540144178
3.0023406754772E14,34.92,-72.34199999999998,3.496260531064988,153.25,21021.621729226532,1.0,15088.25,0.029437290337365675,0.4362566865828159
3.0023406754772E14,34.976,-72.35399999999998,3.5655518989389314,153.25,23439.712917039047,1.0,15088.5,-0.21148963970835463,0.42874610892791554
3.0023406754772E14,35.056,-72.47800000000001,3.9320819039810804,153.25,28553.92079056302,1.0,15088.75,-0.39824379823182376,0.3468179550401296
3.0023406754772E14,35.134,-72.56900000000002,3.9320819039810804,153.25,30207.426545177914,1.0,15089.0,-0.5146061474314491,0.21747524318885286
3.0023406754772E14,35.127,-72.68799999999999,3.9320819039810804,153.25,30831.051801386886,1.0,15089.25,-0.5651510261967799,0.07575877771880751
3.0023406754772E14,35.137,-72.84899999999999,3.9597323466791114,153.25,29296.179837600073,1.0,15089.5,-0.5295072821640686,-0.09541861306033328
3.0023406754772E14,35.131,-72.94799999999998,4.371143679819516,153.25,29627.74528717389,1.0,15089.75,-0.3940431611132068,-0.2961292153493722
3.0023406754772E14,35.037,-73.029,4.3775274892647635,153.25,30278.76992530993,1.0,15090.0,-0.15686878929796463,-0.477922489916238
3.0023406754772E14,34.928,-73.053,4.063317949914066,153.25,32871.56168753897,1.0,15090.25,0.1435252666114501,-0.5705332936016094
3.0023406754772E14,34.816,-72.95600000000002,3.7054392568447976,153.25,32949.862591106576,1.0,15090.5,0.39461853919267537,-0.51230180495035
3.0023406754772E14,34.714,-72.83300000000003,3.5015000315244293,153.25,31313.314700345632,1.0,15090.75,0.5533172183764583,-0.341735682099193
3.0023406754772E14,34.675,-72.68200000000002,3.5015000315244293,153.25,28976.10115147903,1.0,15091.0,0.595320766326993,-0.08806826759058198
3.0023406754772E14,34.681,-72.56,3.5015000315244293,153.25,26956.82066741893,1.0,15091.25,0.5322523766430173,0.1736444342265108
3.0023406754772E14,34.751,-72.44099999999997,3.425035785542281,153.25,24280.06234128016,1.0,15091.5,0.3642989037818177,0.3647652051891457
3.0023406754772E14,34.832,-72.36200000000002,3.425035785542281,153.25,23243.250105578205,1.0,15091.75,0.12157557574984082,0.47830287729339854
3.0023406754772E14,34.931,-72.37900000000002,3.311846206198933,153.25,23012.393014181685,1.0,15092.0,-0.15160182317326382,0.4820320653834782
3.0023406754772E14,35.031,-72.43799999999999,3.1474139716189846,153.25,23415.521587992866,1.0,15092.25,-0.3934589203731751,0.37134412240739123
3.0023406754772E14,35.076,-72.55799999999999,3.040705339683653,153.25,23150.991503223067,1.0,15092.5,-0.5273796555257709,0.16862929516476985
3.0023406754772E14,35.09,-72.70999999999998,3.1264660245674687,153.25,23048.049151153537,1.0,15092.75,-0.5283266307598077,-0.09096817580230598
3.0023406754772E14,35.05,-72.81700000000001,3.3212043848252075,153.25,23867.617778176955,1.0,15093.0,-0.3817655570156449,-0.35690144117497896
3.0023406754772E14,34.95,-72.88999999999999,3.4350455343426303,153.25,26640.440535065,1.0,15093.25,-0.1165119446259847,-0.5518287764050148
3.0023406754772E14,34.826,-72.88099999999997,3.48718962627062,153.25,30064.615301690985,1.0,15093.5,0.20960131363674925,-0.5908956579750588
3.0023406754772E14,34.71,-72.798,3.3327384513853477,153.25,31115.826858971755,1.0,15093.75,0.48472970920309105,-0.47542417297735556
3.0023406754772E14,34.634,-72.63799999999998,3.3327384513853477,153.25,30814.18886704089,1.0,15094.0,0.6382622964581707,-0.21146599902321067
3.0023406754772E14,34.612,-72.48700000000002,3.364234972580136,153.25,29948.495088393094,1.0,15094.25,0.6359979604097028,0.12082562799368643
3.0023406754772E14,34.691,-72.34300000000002,3.4677096654489805,153.25,29501.319146684997,1.0,15094.5,0.48501243884092093,0.38409072312062076
3.0023406754772E14,34.792,-72.245,3.5505374022972647,153.25,30083.198452115274,1.0,15094.75,0.24443990108506986,0.5656029733545939
3.0023406754772E14,34.906,-72.22800000000001,3.5505374022972647,153.25,30563.676011530915,1.0,15095.0,-0.03818416062805422,0.624839102207292
3.0023406754772E14,35.043,-72.27499999999998,3.5505374022972647,153.25,31506.178973218586,1.0,15095.25,-0.3169085352022729,0.5621323481056271
3.0023406754772E14,35.131,-72.368,3.8077444831311498,153.25,36556.524719277404,1.0,15095.5,-0.5663504944333645,0.4082806166535299
3.0023406754772E14,35.19,-72.53800000000001,3.8077444831311498,153.25,39932.81133121804,1.0,15095.75,-0.7364977055109554,0.19802531949677082
3.0023406754772E14,35.206,-72.719,3.8077444831311498,153.25,41082.474722268336,1.0,15096.0,-0.7834579697471038,-0.04253869562187337
3.0023406754772E14,35.175,-72.91000000000003,3.8077444831311498,153.25,38141.907480203125,1.0,15096.25,-0.6705599204281684,-0.2845895509451028
3.0023406754772E14,35.103,-73.05799999999999,4.186941917664682,153.25,35645.254086990586,1.0,15096.5,-0.3911773569145565,-0.47987801986883827
3.0023406754772E14,34.975,-73.09699999999998,4.507111671340157,153.25,36744.53035686348,1.0,15096.75,-0.02760267558400699,-0.5922285045291936
3.0023406754772E14,34.862,-73.05900000000003,4.507111671340157,153.25,44077.504241894414,1.0,15097.0,0.3728052732356433,-0.6056446911490286
3.0023406787676E14,30.624,-78.531,5.882234091671083,105.0,39842.99995916601,1.0,15030.75,-0.4699399078972866,-0.14761608923203787
3.0023406787676E14,30.583,-78.62099999999998,5.882234091671083,105.0,35031.907755634194,1.0,15031.0,-0.3406724489736093,-0.2674273685713222
3.0023406787676E14,30.519,-78.67899999999997,5.882234091671083,105.0,37254.09469703371,1.0,15031.25,-0.20183329713698625,-0.41399297645956523
3.0023406787676E14,30.445,-78.72399999999999,5.882234091671083,105.0,44929.822336760066,1.0,15031.5,-0.06027121669349981,-0.5521877747861723
3.0023406787676E14,30.323,-78.70100000000002,6.012186373693492,105.0,54332.64661656792,1.0,15031.75,0.07940194263455759,-0.6523811754307585
3.0023406787676E14,30.165,-78.678,6.178818338680163,105.0,60119.41710559644,1.0,15032.0,0.2264362656992273,-0.6703699496714436
3.0023406787676E14,30.046,-78.62200000000001,6.178818338680163,105.0,60848.43773871958,1.0,15032.25,0.4030765908712352,-0.5919582543316774
3.0023406787676E14,29.944,-78.51499999999999,6.178818338680163,105.0,60689.38210153991,1.0,15032.5,0.5400097209557645,-0.4675435712512594
3.0023406787676E14,29.871,-78.37400000000002,6.178818338680163,105.0,58397.296128980226,1.0,15032.75,0.6195719221243708,-0.29753547091728005
3.0023406787676E14,29.827,-78.21800000000002,5.486549690922302,105.0,47962.24012087608,1.0,15033.0,0.6281353618577055,-0.09791127384088245
3.0023406787676E14,29.819,-78.09300000000002,4.834028054032195,105.0,40182.42814813721,1.0,15033.25,0.5944239258280095,0.10988682165384396
3.0023406787676E14,29.879,-77.983,4.581459137354855,105.0,36821.25791138944,1.0,15033.5,0.506083490648035,0.29237415152490476
3.0023406787676E14,29.949,-77.863,4.581459137354855,105.0,36055.884692916145,1.0,15033.75,0.36495601799391464,0.44085893013694333
3.0023406787676E14,30.034,-77.80799999999999,4.581459137354855,105.0,36461.30615626979,1.0,15034.0,0.180073220087047,0.550027852127966
3.0023406787676E14,30.16,-77.79199999999997,4.581459137354855,105.0,37810.275558893176,1.0,15034.25,-0.027630502230274835,0.5995306894267114
3.0023406787676E14,30.284,-77.81900000000002,4.516965360690503,105.0,39041.290868157856,1.0,15034.5,-0.23974290939546106,0.581038018332869
3.0023406787676E14,30.392,-77.88999999999999,4.516965360690503,105.0,40668.20723050573,1.0,15034.75,-0.42905900215296644,0.4945742988136715
3.0023406787676E14,30.47,-78.019,4.516965360690503,105.0,41091.08269131601,1.0,15035.0,-0.564291819684431,0.34529952765315186
3.0023406787676E14,30.527,-78.16000000000003,4.516965360690503,105.0,39703.65814002631,1.0,15035.25,-0.6258010653982438,0.13028567734202115
3.0023406787676E14,30.534,-78.29500000000002,4.288190698569585,105.0,37909.015685110164,1.0,15035.5,-0.6314714218873307,-0.12061238323637953
3.0023406787676E14,30.485,-78.42700000000002,4.288190698569585,105.0,39870.0277197941,1.0,15035.75,-0.5589934989011549,-0.38038882741444185
3.0023406787676E14,30.382,-78.54899999999998,4.288190698569585,105.0,42258.81202162784,1.0,15036.0,-0.3810014687779322,-0.6069846293740322
3.0023406787676E14,30.251,-78.62099999999998,4.116776481606189,105.0,43005.79355541827,1.0,15036.25,-0.053611004134829096,-0.7577949235209729
3.0023406787676E14,30.095,-78.61200000000002,4.059992807717606,105.0,45869.52682525915,1.0,15036.5,0.2887926924515075,-0.7691813336359917
3.0023406787676E14,29.935,-78.50599999999997,3.975529696041309,105.0,46067.764670357144,1.0,15036.75,0.5793367120720009,-0.6119614323842126
3.0023406787676E14,29.832,-78.327,3.892231366380979,105.0,41527.481885706875,1.0,15037.0,0.7130908618366052,-0.3058019160900469
3.0023406787676E14,29.807,-78.15800000000002,3.446325444684329,105.0,28907.88205691246,1.0,15037.25,0.6060594311192383,0.06917795107299575
3.0023406787676E14,29.864,-78.031,2.9613232610007363,105.0,21333.37335988096,1.0,15037.5,0.36600782401506193,0.3748315191171318
3.0023406787676E14,29.971,-77.97800000000001,2.722862913559743,105.0,20077.660693729915,1.0,15037.75,0.025762549933191936,0.5356136842481632
3.0023406787676E14,30.09,-78.01600000000002,2.628610815543184,105.0,21223.45865656279,1.0,15038.0,-0.30230083630202353,0.5033590456865643
3.0023406787676E14,30.183,-78.13999999999999,2.628610815543184,105.0,20073.266565714082,1.0,15038.25,-0.4795873683439591,0.2799945606570633
3.0023406787676E14,30.21,-78.27199999999999,2.722862913559743,105.0,20137.17884959767,1.0,15038.5,-0.5377707664055651,-0.007460344008986999
3.0023406787676E14,30.174,-78.387,2.855047097899529,105.0,21037.08167314498,1.0,15038.75,-0.44260580159328794,-0.3020411509123289
3.0023406787676E14,30.087,-78.46600000000001,2.9727763146803086,105.0,23043.48320289487,1.0,15039.0,-0.2152530426206946,-0.5209891073913935
3.0023406787676E14,29.969,-78.495,2.9727763146803086,105.0,24728.115833763175,1.0,15039.25,0.12312575916638788,-0.5922526142612797
3.0023406787676E14,29.849,-78.43799999999999,2.9727763146803086,105.0,27404.950443899706,1.0,15039.5,0.4491264010767735,-0.49771415312313205
3.0023406787676E14,29.746,-78.30399999999997,2.9727763146803086,105.0,29244.320013836965,1.0,15039.75,0.6751384663844645,-0.23659443801292632
3.0023406787676E14,29.728,-78.11599999999999,2.9727763146803086,105.0,28897.54386451266,1.0,15040.0,0.6998419761608167,0.09972245333309243
3.0023406787676E14,29.795,-77.947,2.797340814855347,105.0,21033.14407201964,1.0,15040.25,0.4356043294917423,0.33050597427038547
3.0023406787676E14,29.908,-77.863,2.4711670680594495,105.0,14133.717242873465,1.0,15040.5,0.09911924666959128,0.40394712010950506
3.0023406787676E14,29.986,-77.88999999999999,2.4711670680594495,105.0,11994.601074753988,1.0,15040.75,-0.22494099451386904,0.2720225601532453
3.0023406787676E14,30.026,-77.99900000000002,2.4711670680594495,105.0,13154.182799408936,1.0,15041.0,-0.38693623747660305,-0.011402414121997023
3.0023406787676E14,30.001,-78.10500000000002,2.3834255777821554,105.0,13451.589431628961,1.0,15041.25,-0.26759999995849165,-0.31119491808797406
3.0023406787676E14,29.891,-78.16399999999999,2.2198901462428906,105.0,13923.69232389344,1.0,15041.5,-0.05446804350785535,-0.45286666337078385
3.0023406787676E14,29.763,-78.15499999999997,2.2198901462428906,105.0,12946.904747646884,1.0,15041.75,0.19230247745218318,-0.3780308741672427
3.0023406787676E14,29.7,-78.05900000000003,2.2198901462428906,105.0,10683.425122841563,1.0,15042.0,0.3171587993706821,-0.14797764311978867
3.0023406787676E14,29.714,-77.94099999999997,1.5756788090360687,105.0,3506.59661839636,1.0,15042.25,0.16048466692594737,0.020896431460332453
3.0023406787676E14,29.776,-77.90300000000002,1.5820535397904716,105.0,1223.0951043867476,1.0,15042.5,0.011555460991294161,0.05502152661586588
3.0023406787924E14,24.853,-38.80799999999999,47.63064823723031,154.25,74992.96351479863,1.0,15884.0,-0.11031487220104563,0.030668497853979203
3.0023406787924E14,24.848,-38.817999999999984,38.76490825284128,154.25,63259.40932306879,1.0,15884.25,-0.11317362401927841,0.035707830389459044
3.0023406787924E14,24.852,-38.84800000000001,32.42142563347016,154.25,56752.77337199827,1.0,15884.5,-0.1166232649695802,0.051027047509446456
3.0023406787924E14,24.862,-38.877999999999986,27.603963811820723,154.25,51351.79123437266,1.0,15884.75,-0.11518742308328053,0.07095027615285984
3.0023406787924E14,24.889,-38.90499999999997,26.036250510040993,154.25,46383.54091896051,1.0,15885.0,-0.10543480713716817,0.07528478541143481
3.0023406787924E14,24.903,-38.91899999999998,27.603963811820723,154.25,49247.47980740147,1.0,15885.25,-0.10335092513581748,0.07843102363144354
3.0023406787924E14,24.923,-38.946000000000026,27.603963811820723,154.25,50344.22179366467,1.0,15885.5,-0.10687792301962701,0.0785368203162913
3.0023406787924E14,24.933,-38.95999999999998,26.511651310108608,154.25,51456.19131458032,1.0,15885.75,-0.11526455771647091,0.0814624398314987
3.0023406787924E14,24.952,-38.99400000000003,25.948006855419685,154.25,54637.303411039014,1.0,15886.0,-0.11895513932397789,0.09642359809238946
3.0023406787924E14,24.966,-39.023000000000025,24.825048533175206,154.25,57047.60714661873,1.0,15886.25,-0.12169065975920644,0.11453624661329356
3.0023406787924E14,24.992,-39.04899999999998,24.825048533175206,154.25,62704.0695059287,1.0,15886.5,-0.12323319930784482,0.13621106981587427
3.0023406787924E14,25.024,-39.072,24.825048533175206,154.25,68488.222731119,1.0,15886.75,-0.12465034379934475,0.15720672752175652
3.0023406787924E14,25.061,-39.09500000000003,24.201403602382207,154.25,73584.95215685635,1.0,15887.0,-0.12880831324390224,0.1797204667868089
3.0023406787924E14,25.081,-39.122000000000014,23.34617881058463,154.25,73373.69996409715,1.0,15887.25,-0.11220069310957395,0.19911904780849438
3.0023406787924E14,25.127,-39.160000000000025,23.064822082874468,154.25,70415.70245722233,1.0,15887.5,-0.08000466949593872,0.20710056243023872
3.0023406787924E14,25.177,-39.16300000000001,19.515063898010023,154.25,53851.318893885065,1.0,15887.75,-0.0425844919544939,0.1961042380324231
3.0023406787924E14,25.221,-39.16300000000001,13.781974005228449,154.25,32205.296103590874,1.0,15888.0,-0.028195556072992574,0.16757924438371047
3.0023406787924E14,25.23,-39.156000000000006,10.371320102204182,154.25,21593.394492148833,1.0,15888.25,-0.007560223903215088,0.15122059099480212
3.0023406787924E14,25.259,-39.168000000000006,9.297650041986458,154.25,17996.00877065624,1.0,15888.5,0.014305820841065988,0.14002784242846705
3.0023406787924E14,25.293,-39.158000000000015,9.297650041986458,154.25,17083.122486726545,1.0,15888.75,0.03983890848834686,0.12753916316216773
3.0023406787924E14,25.318,-39.156000000000006,9.297650041986458,154.25,15015.779496574165,1.0,15889.0,0.0654493330074286,0.09751980190102882
3.0023406787924E14,25.342,-39.125,9.297650041986458,154.25,14476.719568045193,1.0,15889.25,0.07784584367210765,0.08222621897098739
3.0023406787924E14,25.339,-39.10700000000003,10.748538045695689,154.25,16512.048070915975,1.0,15889.5,0.08208337949273571,0.07578202530663763
3.0023406787924E14,25.363,-39.09800000000001,13.316905541809447,154.25,20409.372571497213,1.0,15889.75,0.08434088349168341,0.07285894918870978
3.0023406787924E14,25.381,-39.08300000000003,14.73664949274809,154.25,21129.406056827862,1.0,15890.0,0.09132922962978376,0.05030873456568269
3.0023406787924E14,25.4,-39.05500000000001,16.42842515023923,154.25,21699.668780808468,1.0,15890.25,0.08644021255426013,0.041890258900864216
3.0023406787924E14,25.39,-39.02999999999997,17.629531035956386,154.25,21569.474406453228,1.0,15890.5,0.07813259079122725,0.04256450436976866
3.0023406787924E14,25.402,-39.028999999999996,17.629531035956386,154.25,21308.272803596028,1.0,15890.75,0.07390620437295678,0.04757877654962933
3.0023406787924E14,25.421,-39.01400000000001,17.629531035956386,154.25,20874.387127605904,1.0,15891.0,0.08052903415211529,0.030487899173870302
3.0023406787924E14,25.436,-38.988,17.29522746912171,154.25,19394.751478828613,1.0,15891.25,0.07892385027791908,0.020528795799644225
3.0023406787924E14,25.424,-38.968999999999994,16.00568885482469,154.25,16832.532146197686,1.0,15891.5,0.0752848930380228,0.01346089116177197
3.0023406787924E14,25.431,-38.959,13.553406303018255,154.25,13837.74394231167,1.0,15891.75,0.07377205792797921,0.008390663710686861
3.0023406787924E14,25.435,-38.946000000000026,12.949245695309308,154.25,14707.788557457648,1.0,15892.0,0.08221593601921037,-0.007934342265777241
3.0023406787924E14,25.439,-38.92599999999999,12.949245695309308,154.25,15660.728391143435,1.0,15892.25,0.0855425171589637,-0.020435282419474066
3.0023406787924E14,25.425,-38.903999999999996,12.949245695309308,154.25,16314.765175252578,1.0,15892.5,0.0864613542842225,-0.03031715734969708
3.0023406787924E14,25.42,-38.887,12.730686217209662,154.25,16408.502200052757,1.0,15892.75,0.08552956219803988,-0.038343114081253
3.0023406787924E14,25.413,-38.875999999999976,12.730686217209662,154.25,17936.063980954314,1.0,15893.0,0.08595480542621294,-0.0557601974992592
3.0023406787924E14,25.411,-38.85000000000002,12.71485234576676,154.25,18259.67749446569,1.0,15893.25,0.07810559581647433,-0.06932732043847352
3.0023406787924E14,25.386,-38.834,12.243131897688077,154.25,17203.554197167916,1.0,15893.5,0.06493140036698833,-0.07890443607390875
3.0023406787924E14,25.372,-38.82299999999998,11.835822208051514,154.25,15850.860639507573,1.0,15893.75,0.050440834283648456,-0.08331148814659696
3.0023406787924E14,25.356,-38.82299999999998,11.281226337073855,154.25,15453.980546397268,1.0,15894.0,0.040947930878195156,-0.0908161746647165
3.0023406787924E14,25.347,-38.803999999999974,11.281226337073855,154.25,14751.974473499222,1.0,15894.25,0.025335615828226812,-0.09165839109719548
3.0023406787924E14,25.316,-38.80000000000001,11.281226337073855,154.25,13720.176157949596,1.0,15894.5,0.009804980601737932,-0.0878990557987602
3.0023406787924E14,25.306,-38.80799999999999,11.281226337073855,154.25,13012.108828761398,1.0,15894.75,-7.174485350734125E-4,-0.08387675366591839
3.0023406787924E14,25.294,-38.81099999999998,11.818137467481508,154.25,15003.547490922956,1.0,15895.0,-0.0030705639047816694,-0.09227216599901697
3.0023406787924E14,25.277,-38.803999999999974,12.851684379893621,154.25,17351.56094734368,1.0,15895.25,-0.010900008676990647,-0.09757797372611475
3.0023406787924E14,25.251,-38.80799999999999,14.481497533888394,154.25,21019.12637551532,1.0,15895.5,-0.02138588144857567,-0.10336301164840997
3.0023406787924E14,25.236,-38.81900000000002,15.275019244528238,154.25,24109.31962053613,1.0,15895.75,-0.0347238555494933,-0.10940242212002742
3.002340679741E14,48.081,-40.764999999999986,20.460691144922535,130.0,84863.84921170454,1.0,15693.75,0.09343311662596439,0.286789824590966
3.002340679741E14,48.093,-40.72199999999998,11.58625114222541,130.0,30826.989947030725,1.0,15694.0,0.08213187965939839,0.17519134562781913
3.002340679741E14,48.115,-40.735000000000014,10.375768275474877,130.0,23786.566183598392,1.0,15694.25,0.11300582637921594,0.12257222514674931
3.002340679741E14,48.164,-40.69799999999998,10.375768275474877,130.0,26859.911287293893,1.0,15694.5,0.15921714857118402,0.10045140000860642
3.002340679741E14,48.157,-40.622000000000014,10.375768275474877,130.0,31772.80708607785,1.0,15694.75,0.1958373721691341,0.10601286264436952
3.002340679741E14,48.194,-40.589999999999975,9.189710931126477,130.0,33041.920112489555,1.0,15695.0,0.23874081686926038,0.10663865590703958
3.002340679741E14,48.216,-40.49400000000003,9.388094895973724,130.0,41777.137152775795,1.0,15695.25,0.31072858485042654,0.09040896933186185
3.002340679741E14,48.215,-40.39499999999998,10.698055385497366,130.0,59389.367527383125,1.0,15695.5,0.3982098026079545,0.06641592607830785
3.002340679741E14,48.237,-40.26799999999997,12.878184560010919,130.0,86385.62958729656,1.0,15695.75,0.48780037475384197,-0.003448820747535282
3.002340679741E14,48.222,-40.10300000000001,13.928944943616521,130.0,114965.93762930573,1.0,15696.0,0.5788502486768363,-0.15876848962503914
3.002340679741E14,48.17,-39.928999999999974,14.553927135148566,130.0,164176.15570383478,1.0,15696.25,0.7207129263926618,-0.3918381985693242
3.002340679741E14,48.076,-39.714999999999975,15.671184688389632,130.0,228012.63294191385,1.0,15696.5,0.8589532805859759,-0.6178646988335498
3.002340679741E14,47.929,-39.42700000000002,17.51787155793932,130.0,284360.6582161131,1.0,15696.75,0.9147766322413005,-0.7461158936623111
3.002340679741E14,47.773,-39.17599999999999,18.932933085552467,130.0,297730.1340822384,1.0,15697.0,0.8545545529487535,-0.7599596294478319
3.002340679741E14,47.637,-38.946000000000026,18.932933085552467,130.0,273922.3961787643,1.0,15697.25,0.7239607482678153,-0.7634728642104182
3.002340679741E14,47.486,-38.759000000000015,18.932933085552467,130.0,257822.213764068,1.0,15697.5,0.5635547213848833,-0.8143145613448044
3.002340679741E14,47.323,-38.625,17.51787155793932,130.0,238733.46617123502,1.0,15697.75,0.40829599179709947,-0.9030425850814472
3.002340679741E14,47.137,-38.52499999999998,17.51787155793932,130.0,239021.90515185441,1.0,15698.0,0.2927539951948546,-0.9480830327485374
3.002340679741E14,46.941,-38.452,17.51787155793932,130.0,228550.96329174135,1.0,15698.25,0.27919852611686036,-0.9067752207920171
3.002340679741E14,46.782,-38.40499999999997,17.88978577270029,130.0,225151.93391086822,1.0,15698.5,0.27773165707541025,-0.8720870633358873
3.002340679741E14,46.621,-38.295000000000016,17.217972429270354,130.0,203961.0238462369,1.0,15698.75,0.1791218210701902,-0.8426242727875917
3.002340679741E14,46.443,-38.262,16.563303888123965,130.0,171949.2562318623,1.0,15699.0,3.5376807677094807E-4,-0.7549521214635894
3.002340679741E14,46.317,-38.33100000000002,15.081012400677725,130.0,128213.27530561943,1.0,15699.25,-0.07933750794994317,-0.613144796025547
3.002340679741E14,46.223,-38.33499999999998,13.30068940318102,130.0,90731.03438848695,1.0,15699.5,-0.09631295048786515,-0.48663619075939335
3.002340679741E14,46.129,-38.367999999999995,10.87223985590642,130.0,61808.482966510324,1.0,15699.75,-0.09909905316817125,-0.4013706372381858
3.002340679741E14,46.069,-38.40100000000001,10.87223985590642,130.0,55957.22164150753,1.0,15700.0,-0.14701108152561215,-0.3442056552015682
3.002340679741E14,45.996,-38.43099999999998,10.87223985590642,130.0,51712.24148373168,1.0,15700.25,-0.22742792982767654,-0.2606104042139874
3.002340679741E14,45.95,-38.536,10.87223985590642,130.0,49369.03149447786,1.0,15700.5,-0.27401187790495907,-0.18428755579470102
3.002340679741E14,45.931,-38.60300000000001,12.825657653647426,130.0,57003.45183997148,1.0,15700.75,-0.2862634856921215,-0.1500642900911348
3.002340679741E14,45.89,-38.67599999999999,18.265147355979984,130.0,87280.24336931095,1.0,15701.0,-0.2994852938294069,-0.1762585618057605
3.002340679741E14,45.864,-38.77199999999999,26.2031518137954,130.0,139810.27465135753,1.0,15701.25,-0.3046802762434206,-0.2402660298357967
3.002340679741E14,45.808,-38.846000000000004,32.7493740088691,130.0,162161.5882954478,1.0,15701.5,-0.2643490883405077,-0.24450848309370682
3.002340679741E14,45.753,-38.93900000000002,33.16790543635615,130.0,126783.35343960841,1.0,15701.75,-0.22206867527670493,-0.16720416304674243
3.002340679741E14,45.745,-38.946000000000026,34.656451185913255,130.0,120122.63107786055,1.0,15702.0,-0.23619771852584945,-0.08800989652462964
3.002340679741E14,45.732,-39.059000000000026,57.003065515596965,130.0,204976.18014387446,1.0,15702.25,-0.2464535588500559,-0.08742295192577279
3.002340679741E14,45.709,-39.13299999999998,150.3833437253522,130.0,554933.2110971765,1.0,15702.5,-0.24661459287788118,-0.10580543967143971
3.002340679741E14,45.688,-39.18799999999999,57.68069609615145,130.0,222134.6477890375,1.0,15702.75,-0.26192702618864133,-0.09913699783983948
3.002340679741E14,45.664,-39.26999999999998,35.17991256094538,130.0,141760.31756133647,1.0,15703.0,-0.2870349391170859,-0.05901733647817112
3.002340679741E14,45.668,-39.355999999999995,32.9544953758871,130.0,123823.13948947449,1.0,15703.25,-0.268824317700301,-0.04895586207150903
3.002340679741E14,45.659,-39.435,35.17991256094538,130.0,121794.02655169842,1.0,15703.5,-0.24603974158782696,-0.053391438531960274
3.002340679741E14,45.644,-39.48200000000003,35.17991256094538,130.0,117568.53860117418,1.0,15703.75,-0.23776309314497507,-0.05032892307566391
3.002340679741E14,45.632,-39.56200000000001,32.88148940324776,130.0,104447.34427404452,1.0,15704.0,-0.22847919672176054,-0.03403341092723568
3.002340679741E14,45.643,-39.625,30.683927244425718,130.0,83272.13883317228,1.0,15704.25,-0.19698854112810768,-0.012071642740683536
3.002340679741E14,45.623,-39.67099999999999,29.96214448322876,130.0,85287.78824033373,1.0,15704.5,-0.20394055331788802,0.03548481969727398
3.002340679741E14,45.643,-39.72500000000002,29.96214448322876,130.0,106082.23569970441,1.0,15704.75,-0.24994301428633342,0.061823283271693466
3.002340679741E14,45.666,-39.80500000000001,30.683927244425718,130.0,113512.65124632862,1.0,15705.0,-0.2676361407822902,0.027342570750239683
3.002340679741E14,45.655,-39.894000000000005,41.90482946365953,130.0,111930.0209698452,1.0,15705.25,-0.1940371407618781,0.008972005714335762
3.002340679741E14,45.649,-39.92700000000002,34.4250930947276,130.0,77063.90129184362,1.0,15705.5,-0.15266475998119594,0.056531378586691355
3.0053406165153E14,21.366,-65.98700000000002,7.725643557872034,114.75,23889.52225828209,0.0,15691.5,-0.07559029290799353,0.2117884526048256
3.0053406165153E14,21.41,-66.01400000000001,5.367021580478545,114.75,15380.19344250967,0.0,15691.75,-0.12883670409400905,0.16380182282725733
3.0053406165153E14,21.45,-66.03800000000001,4.530972981255896,114.75,12209.358968356022,0.0,15692.0,-0.175294180969713,0.08759159094425896
3.0053406165153E14,21.454,-66.07400000000001,4.404993974082642,114.75,12017.957246900909,0.0,15692.25,-0.19838064703410402,-0.0030747870571090005
3.0053406165153E14,21.442,-66.14100000000002,4.404993974082642,114.75,10589.51538325061,0.0,15692.5,-0.15354883420207088,-0.08357990780680603
3.0053406165153E14,21.412,-66.18900000000002,4.265355864787403,114.75,10275.787086982979,0.0,15692.75,-0.10770904454480226,-0.13817615477293235
3.0053406165153E14,21.379,-66.20600000000002,4.008929058200729,114.75,9103.843039181322,0.0,15693.0,-0.0508293096474473,-0.15712697549117094
3.0053406165153E14,21.334,-66.19600000000003,3.573005227094281,114.75,6719.763725410224,0.0,15693.25,-0.00532607135465956,-0.13666488010522407
3.0053406165153E14,21.305,-66.19200000000001,3.573005227094281,114.75,3376.574510932284,0.0,15693.5,-0.006079715572295582,-0.06845460950896091
3.0053406165153E14,21.298,-66.18099999999998,4.132039884521389,114.75,1836.7687784626069,0.0,15693.75,-0.021411061990012276,-0.02421893119504724
3.0053406165153E14,21.309,-66.17700000000002,4.917294711082449,114.75,4196.659747248057,0.0,15694.0,-0.062034314220402245,0.0019372331360926736
3.0053406165153E14,21.31,-66.18700000000001,5.53669110162952,114.75,8273.639507634833,0.0,15694.25,-0.10860222735950273,-0.003856830104758356
3.0053406165153E14,21.331,-66.23899999999998,5.658915179091818,114.75,10062.404344709323,0.0,15694.5,-0.10977640362241822,-0.06834045001690986
3.0053406165153E14,21.308,-66.28399999999999,5.878176600271356,114.75,12013.549329944282,0.0,15694.75,-0.10037944285954362,-0.10960684130177846
3.0053406165153E14,21.275,-66.30799999999999,6.716359892071642,114.75,14684.030127459851,0.0,15695.0,-0.06881966060522011,-0.1433267662382955
3.0053406165153E14,21.243,-66.30399999999997,7.532764092260364,114.75,16477.348258389,0.0,15695.25,-0.027019227783712588,-0.1567625102879519
3.0053406165153E14,21.203,-66.31900000000002,7.532764092260364,114.75,13732.971474866035,0.0,15695.5,0.004149670650219648,-0.13251451238890397
3.0053406165153E14,21.181,-66.29000000000002,7.532764092260364,114.75,11751.11538199762,0.0,15695.75,0.02394745898059597,-0.11089009260368113
3.0053406165153E14,21.153,-66.293,6.771928415993675,114.75,8092.403243398103,0.0,15696.0,0.026688075527016842,-0.08270282208877716
3.0053406165153E14,21.153,-66.27600000000001,5.749745810449675,114.75,4859.225309962516,0.0,15696.25,0.01461948317093991,-0.05969474413006695
3.0053406165153E14,21.141,-66.27499999999998,5.37011981113729,114.75,4848.93552530439,0.0,15696.5,-0.012788880123365182,-0.06440675254122545
3.0053406165153E14,21.144,-66.274,5.37011981113729,114.75,4906.0197833738275,0.0,15696.75,-0.013851358338630231,-0.06497725723004649
3.0053406165153E14,21.129,-66.293,5.37011981113729,114.75,5077.049621544285,0.0,15697.0,0.008114560811038302,-0.06827276466248328
3.0053406165153E14,21.108,-66.31200000000001,5.37011981113729,114.75,6103.883752956266,0.0,15697.25,0.05148312022084757,-0.06466795027566138
3.0053406165153E14,21.087,-66.28300000000002,5.622355948477102,114.75,8063.710008032872,0.0,15697.5,0.09693174056912357,-0.03850515006770101
3.0053406165153E14,21.09,-66.24000000000001,5.622355948477102,114.75,8598.385867235436,0.0,15697.75,0.11007074813512496,-0.015914890101186192
3.0053406165153E14,21.074,-66.20100000000002,5.41288273934101,114.75,7317.416108703942,0.0,15698.0,0.09798391482010907,0.007993751779532203
3.0053406165153E14,21.086,-66.17500000000001,6.046014139040522,114.75,6140.220231957975,0.0,15698.25,0.0701542975868728,0.023085948256302176
3.0053406165153E14,21.101,-66.18599999999998,6.076174727908896,114.75,5355.766211138201,0.0,15698.5,0.06399477267013953,-0.003669976427289165
3.0053406165153E14,21.122,-66.19,5.852556164333389,114.75,5315.567266283807,0.0,15698.75,0.06439942945862359,-0.014671822899576411
3.0053406165153E14,21.11,-66.18200000000002,5.852556164333389,114.75,6174.187333214939,0.0,15699.0,0.07489151104035364,-0.01664320261656792
3.0053406165153E14,21.088,-66.15800000000002,5.852556164333389,114.75,7029.1980174398495,0.0,15699.25,0.08727143485038785,0.003526100487732624
3.0053406165153E14,21.081,-66.13799999999998,6.076174727908896,114.75,8761.862296110088,0.0,15699.5,0.07964252725316757,0.06821894086767095
3.0053406165153E14,21.106,-66.10300000000001,7.055524441016466,114.75,12125.832769022496,0.0,15699.75,0.06955954670989208,0.10383658630888626
3.0053406165153E14,21.142,-66.09899999999999,8.416476562654557,114.75,15845.384891013638,0.0,15700.0,0.05212968344092983,0.12659834231823192
3.0053406165153E14,21.169,-66.09300000000002,8.416476562654557,114.75,15750.539920969248,0.0,15700.25,0.0307790245276827,0.1325653406747858
3.0053406165153E14,21.195,-66.07900000000001,8.416476562654557,114.75,14906.176193861475,0.0,15700.5,0.008832774236924095,0.12849267472303863
3.0053406165153E14,21.204,-66.09100000000001,8.416476562654557,114.75,14032.727346915985,0.0,15700.75,-0.009265850456945588,0.12089435749787512
3.0053406165153E14,21.234,-66.096,7.856460454030021,114.75,11728.43461041033,0.0,15701.0,-0.02435791751834829,0.10579450058907149
3.0053406165153E14,21.262,-66.096,6.305066488578894,114.75,8130.07075698627,0.0,15701.25,-0.038932754223629164,0.08530727702667147
3.0053406165153E14,21.251,-66.106,5.475039352911129,114.75,7278.851116405866,0.0,15701.5,-0.06246899781217874,0.07378932972273332
3.0053406165153E14,21.274,-66.11200000000002,4.998000072375477,114.75,5907.91948055066,0.0,15701.75,-0.07529171583723299,0.04147954111228025
3.0053406165153E14,21.299,-66.13999999999999,4.602778997199458,114.75,5077.166862742502,0.0,15702.0,-0.08020952605221982,0.0011087678585198707
3.0053406165153E14,21.274,-66.15100000000001,4.293792620365199,114.75,4926.241935850343,0.0,15702.25,-0.07486345067818057,-0.03683236916622805
3.0053406165153E14,21.249,-66.16399999999999,3.706317706429558,114.75,3857.254393922405,0.0,15702.5,-0.05153191727611425,-0.0554298506279887
3.0053406165153E14,21.263,-66.19,3.208128371682969,114.75,3275.925342982766,0.0,15702.75,-0.027603987546988087,-0.06893765914469956
3.0053406165153E14,21.225,-66.18,3.208128371682969,114.75,3039.0634911046,0.0,15703.0,-5.150247732638698E-4,-0.06888775379641268
3.0053406165153E14,21.231,-66.16300000000001,3.208128371682969,114.75,2666.7427417672457,0.0,15703.25,0.02867449241388579,-0.053216187345974074
